session,batch_code,country,group,line_id,operator,line,render_kind,shape_class,stations,km,apple_checks,status
2,HK-A,hk,港铁市区重铁,hk-mtr-isl,MTR,港島綫,,ordinary_linear,17,15.021,34,unverified
2,HK-A,hk,港铁市区重铁,hk-mtr-twl,MTR,荃灣綫,,ordinary_linear,16,15.77,32,unverified
2,HK-A,hk,港铁市区重铁,hk-mtr-ktl,MTR,觀塘綫,,ordinary_linear,17,17.313,34,unverified
2,HK-A,hk,港铁市区重铁,hk-mtr-tkl-poa,MTR,將軍澳綫,,branched_terminal,7,9.53,14,unverified
2,HK-A,hk,港铁市区重铁,hk-mtr-tkl-lhp,MTR,將軍澳綫,,branched_terminal,2,3.062,4,unverified
2,HK-A,hk,港铁市区重铁,hk-mtr-sil,MTR,南港島綫,,ordinary_linear,5,6.889,10,unverified
2,HK-A,hk,港铁市区重铁,hk-mtr-drl,MTR,迪士尼綫,,ordinary_linear,2,3.026,4,unverified
3,HK-B,hk,港铁长线与机场走廊,hk-mtr-tml,MTR,屯馬綫,,ordinary_linear,27,56.272,54,unverified
3,HK-B,hk,港铁长线与机场走廊,hk-mtr-eal-low,MTR,東鐵綫,,branched_terminal,14,37.546,28,unverified
3,HK-B,hk,港铁长线与机场走廊,hk-mtr-eal-lmc,MTR,東鐵綫,,branched_terminal,2,6.929,4,unverified
3,HK-B,hk,港铁长线与机场走廊,hk-mtr-ael,MTR,機場快綫,,ordinary_linear,5,34.942,10,unverified
3,HK-B,hk,港铁长线与机场走廊,hk-mtr-tcl,MTR,東涌綫,,ordinary_linear,8,30.721,16,unverified
4,HK-C,hk,轻铁 610/615 族,hk-mtr-lr-610,MTR,輕鐵610綫,,ordinary_linear,26,13.569,52,unverified
4,HK-C,hk,轻铁 610/615 族,hk-mtr-lr-615,MTR,輕鐵615綫,,ordinary_linear,26,13.79,52,unverified
4,HK-C,hk,轻铁 610/615 族,hk-mtr-lr-615p,MTR,輕鐵615P綫,,ordinary_linear,16,6.503,32,unverified
5,HK-D,hk,轻铁 614/751 族,hk-mtr-lr-614,MTR,輕鐵614綫,,ordinary_linear,24,12.924,48,unverified
5,HK-D,hk,轻铁 614/751 族,hk-mtr-lr-614p,MTR,輕鐵614P綫,,ordinary_linear,13,5.644,26,unverified
5,HK-D,hk,轻铁 614/751 族,hk-mtr-lr-751,MTR,輕鐵751綫,,ordinary_linear,23,11.78,46,unverified
5,HK-D,hk,轻铁 614/751 族,hk-mtr-lr-761p,MTR,輕鐵761P綫,,ordinary_linear,14,6.942,28,unverified
6,HK-E,hk,轻铁 505/507 + 天水围环线 + 轻铁网络并集验收,hk-mtr-lr-505,MTR,輕鐵505綫,,ordinary_linear,17,5.724,34,unverified
6,HK-E,hk,轻铁 505/507 + 天水围环线 + 轻铁网络并集验收,hk-mtr-lr-507,MTR,輕鐵507綫,,ordinary_linear,16,6.535,32,unverified
6,HK-E,hk,轻铁 505/507 + 天水围环线 + 轻铁网络并集验收,hk-mtr-lr-705,MTR,輕鐵705綫,,loop,15,5.856,31,unverified
6,HK-E,hk,轻铁 505/507 + 天水围环线 + 轻铁网络并集验收,hk-mtr-lr-706,MTR,輕鐵706綫,,loop,15,5.857,31,unverified
7,HK-F,hk,香港电车 + 香港全境验收,hk-tram-west,香港電車,電車西行綫,,directional_track,55,13.479,110,unverified
7,HK-F,hk,香港电车 + 香港全境验收,hk-tram-east,香港電車,電車東行綫,,directional_track,53,13.297,106,unverified
7,HK-F,hk,香港电车 + 香港全境验收,hk-tram-hv,香港電車,電車跑馬地支綫,,branch_rejoins,11,3.045,22,unverified
7,HK-F,hk,香港电车 + 香港全境验收,hk-tram-np,香港電車,電車北角支綫,,branch_rejoins,4,0.811,8,unverified
8,TW-A,tw,西部干线 山海线汇合组,tw-tra-western-north,國營臺灣鐵路股份有限公司,縱貫線北段,,ordinary_linear,36,125.109,72,unverified
8,TW-A,tw,西部干线 山海线汇合组,tw-tra-taichung,國營臺灣鐵路股份有限公司,臺中線,,branch_rejoins,23,85.674,46,unverified
8,TW-A,tw,西部干线 山海线汇合组,tw-tra-coast,國營臺灣鐵路股份有限公司,海岸線,,branch_rejoins,18,90.373,36,unverified
8,TW-A,tw,西部干线 山海线汇合组,tw-tra-chengzhui,國營臺灣鐵路股份有限公司,成追線,,ordinary_linear,2,2.201,4,unverified
9,TW-B,tw,纵贯线南段 + 屏东线,tw-tra-western-south,國營臺灣鐵路股份有限公司,縱貫線南段,,ordinary_linear,46,189.528,92,unverified
9,TW-B,tw,纵贯线南段 + 屏东线,tw-tra-pingtung,國營臺灣鐵路股份有限公司,屏東線,,ordinary_linear,21,61.257,42,unverified
10,TW-C,tw,东部环岛链,tw-tra-yilan,國營臺灣鐵路股份有限公司,宜蘭線,,ordinary_linear,27,93.503,54,unverified
10,TW-C,tw,东部环岛链,tw-tra-north-link,國營臺灣鐵路股份有限公司,北迴線,,ordinary_linear,13,79.678,26,unverified
10,TW-C,tw,东部环岛链,tw-tra-taitung,國營臺灣鐵路股份有限公司,臺東線,,ordinary_linear,27,151.232,54,unverified
10,TW-C,tw,东部环岛链,tw-tra-south-link,國營臺灣鐵路股份有限公司,南迴線,,ordinary_linear,12,98.054,24,unverified
11,TW-D,tw,台铁支线 + 高铁,tw-thsr-main,台灣高速鐵路股份有限公司,台灣高速鐵路,,ordinary_linear,12,349.256,24,unverified
11,TW-D,tw,台铁支线 + 高铁,tw-tra-jiji,國營臺灣鐵路股份有限公司,集集線,,ordinary_linear,7,29.484,14,unverified
11,TW-D,tw,台铁支线 + 高铁,tw-tra-neiwan,國營臺灣鐵路股份有限公司,內灣線,,ordinary_linear,12,26.401,24,unverified
11,TW-D,tw,台铁支线 + 高铁,tw-tra-pingxi,國營臺灣鐵路股份有限公司,平溪線,,ordinary_linear,7,12.711,14,unverified
11,TW-D,tw,台铁支线 + 高铁,tw-tra-shalun,國營臺灣鐵路股份有限公司,沙崙線,,ordinary_linear,3,5.69,6,unverified
11,TW-D,tw,台铁支线 + 高铁,tw-tra-shenao,國營臺灣鐵路股份有限公司,深澳線,,ordinary_linear,3,4.573,6,unverified
11,TW-D,tw,台铁支线 + 高铁,tw-tra-liujia,國營臺灣鐵路股份有限公司,六家線,,ordinary_linear,2,3.156,4,unverified
12,TW-E,tw,台北捷运 红/蓝/绿/棕,tw-trtc-r,臺北大眾捷運股份有限公司,淡水信義線,,branched_terminal,27,28.234,54,unverified
12,TW-E,tw,台北捷运 红/蓝/绿/棕,tw-trtc-r-xinbeitou,臺北大眾捷運股份有限公司,新北投支線,,branched_terminal,2,1.037,4,unverified
12,TW-E,tw,台北捷运 红/蓝/绿/棕,tw-trtc-bl,臺北大眾捷運股份有限公司,板南線,,ordinary_linear,23,26.518,46,unverified
12,TW-E,tw,台北捷运 红/蓝/绿/棕,tw-trtc-g,臺北大眾捷運股份有限公司,松山新店線,,branched_terminal,19,18.974,38,unverified
12,TW-E,tw,台北捷运 红/蓝/绿/棕,tw-trtc-g-xiaobitan,臺北大眾捷運股份有限公司,小碧潭支線,,branched_terminal,2,1.889,4,unverified
12,TW-E,tw,台北捷运 红/蓝/绿/棕,tw-trtc-br,臺北大眾捷運股份有限公司,文湖線,,ordinary_linear,24,24.987,48,unverified
13,TW-F,tw,中和新芦线 + 桃机捷,tw-trtc-o-huilong,臺北大眾捷運股份有限公司,中和新蘆線,,branched_terminal,21,23.938,42,unverified
13,TW-F,tw,中和新芦线 + 桃机捷,tw-trtc-o-luzhou,臺北大眾捷運股份有限公司,中和新蘆線,,branched_terminal,6,5.978,12,unverified
13,TW-F,tw,中和新芦线 + 桃机捷,tw-tym-a,桃園大眾捷運股份有限公司,桃園機場捷運,,ordinary_linear,22,51.805,44,unverified
14,TW-G,tw,新北捷运 + 台中 + 高雄红线,tw-trtc-y,新北大眾捷運股份有限公司,環狀線,,ordinary_linear,14,14.961,28,unverified
14,TW-G,tw,新北捷运 + 台中 + 高雄红线,tw-ntmetro-lb,新北大眾捷運股份有限公司,三鶯線,,ordinary_linear,12,13.639,24,unverified
14,TW-G,tw,新北捷运 + 台中 + 高雄红线,tw-ntmetro-v-green,新北大眾捷運股份有限公司,淡海輕軌綠山線,,branched_terminal,11,7.276,22,unverified
14,TW-G,tw,新北捷运 + 台中 + 高雄红线,tw-ntmetro-v-blue,新北大眾捷運股份有限公司,淡海輕軌藍海線,,branched_terminal,4,2.415,8,unverified
14,TW-G,tw,新北捷运 + 台中 + 高雄红线,tw-ntmetro-k,新北大眾捷運股份有限公司,安坑輕軌,,ordinary_linear,9,7.01,18,unverified
14,TW-G,tw,新北捷运 + 台中 + 高雄红线,tw-tcmrt-g,臺中捷運股份有限公司,臺中捷運綠線,,ordinary_linear,18,16.883,36,unverified
14,TW-G,tw,新北捷运 + 台中 + 高雄红线,tw-krtc-r,高雄捷運股份有限公司,高雄捷運紅線,,ordinary_linear,25,29.926,50,unverified
15,TW-H,tw,高雄橘线/环状轻轨 + 阿里山 + 台湾全境验收,tw-krtc-o,高雄捷運股份有限公司,高雄捷運橘線,,ordinary_linear,14,13.102,28,unverified
15,TW-H,tw,高雄橘线/环状轻轨 + 阿里山 + 台湾全境验收,tw-klrt-c,高雄捷運股份有限公司,高雄環狀輕軌,,loop,38,22.0,77,unverified
15,TW-H,tw,高雄橘线/环状轻轨 + 阿里山 + 台湾全境验收,tw-alsr-alishan,阿里山林業鐵路及文化資產管理處,阿里山線,,spiral_and_switchbacks,17,71.015,34,unverified
15,TW-H,tw,高雄橘线/环状轻轨 + 阿里山 + 台湾全境验收,tw-alsr-zhushan,阿里山林業鐵路及文化資產管理處,祝山線,,terminal_loop_line,3,5.881,6,unverified
15,TW-H,tw,高雄橘线/环状轻轨 + 阿里山 + 台湾全境验收,tw-alsr-shenmu,阿里山林業鐵路及文化資產管理處,神木線,,branched_terminal,2,1.238,4,unverified
15,TW-H,tw,高雄橘线/环状轻轨 + 阿里山 + 台湾全境验收,tw-alsr-zhaoping,阿里山林業鐵路及文化資產管理處,沼平線,,branched_terminal,2,1.053,4,unverified
16,J01,jp,新幹線,東日本旅客鉄道␟東北新幹線,東日本旅客鉄道,東北新幹線,shinkansen,ordinary_linear,23,675.8,,unverified
16,J01,jp,新幹線,東日本旅客鉄道␟上越新幹線,東日本旅客鉄道,上越新幹線,shinkansen,ordinary_linear,10,270.2,,unverified
16,J01,jp,新幹線,東日本旅客鉄道␟北陸新幹線,東日本旅客鉄道,北陸新幹線,shinkansen,ordinary_linear,8,177.2,,unverified
16,J01,jp,新幹線,西日本旅客鉄道␟山陽新幹線,西日本旅客鉄道,山陽新幹線,shinkansen,ordinary_linear,20,554.9,,unverified
16,J01,jp,新幹線,西日本旅客鉄道␟北陸新幹線,西日本旅客鉄道,北陸新幹線,shinkansen,ordinary_linear,12,294.1,,unverified
16,J01,jp,新幹線,九州旅客鉄道␟九州新幹線,九州旅客鉄道,九州新幹線,shinkansen,ordinary_linear,12,257.5,,unverified
16,J01,jp,新幹線,九州旅客鉄道␟西九州新幹線,九州旅客鉄道,西九州新幹線,shinkansen,ordinary_linear,5,66.3,,unverified
16,J01,jp,新幹線,東海旅客鉄道␟東海道新幹線,東海旅客鉄道,東海道新幹線,shinkansen,branched_terminal,18,518.3,,unverified
16,J01,jp,新幹線,北海道旅客鉄道␟北海道新幹線,北海道旅客鉄道,北海道新幹線,shinkansen,ordinary_linear,4,149.1,,unverified
17,J02,jp,JR北海道在来線,北海道旅客鉄道␟函館線,北海道旅客鉄道,函館線,jr_conventional,branch_rejoins,84,478.1,,pending
17,J02,jp,JR北海道在来線,北海道旅客鉄道␟根室線,北海道旅客鉄道,根室線,jr_conventional,disconnected,49,361.7,,unverified
17,J02,jp,JR北海道在来線,北海道旅客鉄道␟宗谷線,北海道旅客鉄道,宗谷線,jr_conventional,branch_rejoins,35,259.7,,unverified
17,J02,jp,JR北海道在来線,北海道旅客鉄道␟石北線,北海道旅客鉄道,石北線,jr_conventional,disconnected,31,234.8,,unverified
17,J02,jp,JR北海道在来線,北海道旅客鉄道␟室蘭線,北海道旅客鉄道,室蘭線,jr_conventional,branched_terminal,47,226.9,,unverified
17,J02,jp,JR北海道在来線,北海道旅客鉄道␟釧網線,北海道旅客鉄道,釧網線,jr_conventional,ordinary_linear,24,166.3,,unverified
17,J02,jp,JR北海道在来線,北海道旅客鉄道␟石勝線,北海道旅客鉄道,石勝線,jr_conventional,ordinary_linear,7,132.5,,unverified
17,J02,jp,JR北海道在来線,北海道旅客鉄道␟海峡線,北海道旅客鉄道,海峡線,jr_conventional,disconnected,2,88.9,,pending
17,J02,jp,JR北海道在来線,北海道旅客鉄道␟千歳線,北海道旅客鉄道,千歳線,jr_conventional,branched_terminal,15,63.2,,unverified
17,J02,jp,JR北海道在来線,北海道旅客鉄道␟富良野線,北海道旅客鉄道,富良野線,jr_conventional,ordinary_linear,17,54.9,,unverified
17,J02,jp,JR北海道在来線,北海道旅客鉄道␟日高線,北海道旅客鉄道,日高線,jr_conventional,ordinary_linear,4,30.7,,unverified
17,J02,jp,JR北海道在来線,北海道旅客鉄道␟札沼線,北海道旅客鉄道,札沼線,jr_conventional,ordinary_linear,14,29.0,,unverified
18,J03-1,jp,JR東日本在来線,東日本旅客鉄道␟東北線,東日本旅客鉄道,東北線,jr_conventional,disconnected,155,606.0,,pending
18,J03-1,jp,JR東日本在来線,東日本旅客鉄道␟奥羽線,東日本旅客鉄道,奥羽線,jr_conventional,complex_loop,105,508.1,,unverified
18,J03-1,jp,JR東日本在来線,東日本旅客鉄道␟常磐線,東日本旅客鉄道,常磐線,jr_conventional,disconnected,81,356.0,,unverified
18,J03-1,jp,JR東日本在来線,東日本旅客鉄道␟羽越線,東日本旅客鉄道,羽越線,jr_conventional,ordinary_linear,60,290.4,,unverified
18,J03-1,jp,JR東日本在来線,東日本旅客鉄道␟中央線,東日本旅客鉄道,中央線,jr_conventional,branch_rejoins,75,274.5,,unverified
18,J03-1,jp,JR東日本在来線,東日本旅客鉄道␟上越線,東日本旅客鉄道,上越線,jr_conventional,complex_multicycle,39,197.9,,pending
18,J03-1,jp,JR東日本在来線,東日本旅客鉄道␟信越線,東日本旅客鉄道,信越線,jr_conventional,disconnected,55,181.1,,unverified
18,J03-1,jp,JR東日本在来線,東日本旅客鉄道␟磐越西線,東日本旅客鉄道,磐越西線,jr_conventional,ordinary_linear,43,175.0,,unverified
18,J03-1,jp,JR東日本在来線,東日本旅客鉄道␟東海道線,東日本旅客鉄道,東海道線,jr_conventional,complex_multicycle,46,167.3,,pending
18,J03-1,jp,JR東日本在来線,東日本旅客鉄道␟五能線,東日本旅客鉄道,五能線,jr_conventional,ordinary_linear,43,147.4,,unverified
18,J03-1,jp,JR東日本在来線,東日本旅客鉄道␟水郡線,東日本旅客鉄道,水郡線,jr_conventional,branched_terminal,45,146.9,,unverified
18,J03-1,jp,JR東日本在来線,東日本旅客鉄道␟只見線,東日本旅客鉄道,只見線,jr_conventional,ordinary_linear,36,135.5,,unverified
18,J03-1,jp,JR東日本在来線,東日本旅客鉄道␟総武線,東日本旅客鉄道,総武線,jr_conventional,branched_terminal,48,127.6,,unverified
18,J03-1,jp,JR東日本在来線,東日本旅客鉄道␟内房線,東日本旅客鉄道,内房線,jr_conventional,ordinary_linear,30,121.7,,unverified
19,J03-2,jp,JR東日本在来線,東日本旅客鉄道␟成田線,東日本旅客鉄道,成田線,jr_conventional,branched_terminal,27,117.6,,pending
19,J03-2,jp,JR東日本在来線,東日本旅客鉄道␟花輪線,東日本旅客鉄道,花輪線,jr_conventional,ordinary_linear,27,107.2,,unverified
19,J03-2,jp,JR東日本在来線,東日本旅客鉄道␟山田線,東日本旅客鉄道,山田線,jr_conventional,ordinary_linear,15,101.1,,unverified
19,J03-2,jp,JR東日本在来線,東日本旅客鉄道␟飯山線,東日本旅客鉄道,飯山線,jr_conventional,ordinary_linear,31,97.0,,unverified
19,J03-2,jp,JR東日本在来線,東日本旅客鉄道␟外房線,東日本旅客鉄道,外房線,jr_conventional,ordinary_linear,27,96.3,,unverified
19,J03-2,jp,JR東日本在来線,東日本旅客鉄道␟陸羽東線,東日本旅客鉄道,陸羽東線,jr_conventional,ordinary_linear,27,94.4,,unverified
19,J03-2,jp,JR東日本在来線,東日本旅客鉄道␟八高線,東日本旅客鉄道,八高線,jr_conventional,ordinary_linear,23,94.1,,unverified
19,J03-2,jp,JR東日本在来線,東日本旅客鉄道␟米坂線,東日本旅客鉄道,米坂線,jr_conventional,ordinary_linear,20,91.6,,unverified
19,J03-2,jp,JR東日本在来線,東日本旅客鉄道␟釜石線,東日本旅客鉄道,釜石線,jr_conventional,ordinary_linear,24,90.2,,unverified
19,J03-2,jp,JR東日本在来線,東日本旅客鉄道␟磐越東線,東日本旅客鉄道,磐越東線,jr_conventional,ordinary_linear,16,85.8,,unverified
19,J03-2,jp,JR東日本在来線,東日本旅客鉄道␟両毛線,東日本旅客鉄道,両毛線,jr_conventional,ordinary_linear,19,84.7,,unverified
19,J03-2,jp,JR東日本在来線,東日本旅客鉄道␟越後線,東日本旅客鉄道,越後線,jr_conventional,branched_terminal,33,84.2,,unverified
19,J03-2,jp,JR東日本在来線,東日本旅客鉄道␟高崎線,東日本旅客鉄道,高崎線,jr_conventional,ordinary_linear,19,80.0,,unverified
20,J03-3,jp,JR東日本在来線,東日本旅客鉄道␟小海線,東日本旅客鉄道,小海線,jr_conventional,ordinary_linear,31,79.0,,unverified
20,J03-3,jp,JR東日本在来線,東日本旅客鉄道␟武蔵野線,東日本旅客鉄道,武蔵野線,jr_conventional,disconnected,27,77.3,,unverified
20,J03-3,jp,JR東日本在来線,東日本旅客鉄道␟田沢湖線,東日本旅客鉄道,田沢湖線,jr_conventional,ordinary_linear,18,75.7,,unverified
20,J03-3,jp,JR東日本在来線,東日本旅客鉄道␟大糸線,東日本旅客鉄道,大糸線,jr_conventional,ordinary_linear,33,70.5,,unverified
20,J03-3,jp,JR東日本在来線,東日本旅客鉄道␟篠ノ井線,東日本旅客鉄道,篠ノ井線,jr_conventional,ordinary_linear,15,66.5,,unverified
20,J03-3,jp,JR東日本在来線,東日本旅客鉄道␟八戸線,東日本旅客鉄道,八戸線,jr_conventional,ordinary_linear,24,65.0,,unverified
20,J03-3,jp,JR東日本在来線,東日本旅客鉄道␟大船渡線,東日本旅客鉄道,大船渡線,jr_conventional,ordinary_linear,14,62.2,,unverified
20,J03-3,jp,JR東日本在来線,東日本旅客鉄道␟北上線,東日本旅客鉄道,北上線,jr_conventional,ordinary_linear,15,61.2,,unverified
20,J03-3,jp,JR東日本在来線,東日本旅客鉄道␟大湊線,東日本旅客鉄道,大湊線,jr_conventional,ordinary_linear,11,58.6,,unverified
20,J03-3,jp,JR東日本在来線,東日本旅客鉄道␟仙山線,東日本旅客鉄道,仙山線,jr_conventional,ordinary_linear,18,58.3,,unverified
20,J03-3,jp,JR東日本在来線,東日本旅客鉄道␟津軽線,東日本旅客鉄道,津軽線,jr_conventional,ordinary_linear,18,56.2,,unverified
20,J03-3,jp,JR東日本在来線,東日本旅客鉄道␟吾妻線,東日本旅客鉄道,吾妻線,jr_conventional,ordinary_linear,18,55.2,,unverified
20,J03-3,jp,JR東日本在来線,東日本旅客鉄道␟水戸線,東日本旅客鉄道,水戸線,jr_conventional,ordinary_linear,16,50.4,,unverified
21,J03-4,jp,JR東日本在来線,東日本旅客鉄道␟仙石線,東日本旅客鉄道,仙石線,jr_conventional,ordinary_linear,32,49.0,,unverified
21,J03-4,jp,JR東日本在来線,東日本旅客鉄道␟京葉線,東日本旅客鉄道,京葉線,jr_conventional,complex_multicycle,19,48.2,,unverified
21,J03-4,jp,JR東日本在来線,東日本旅客鉄道␟石巻線,東日本旅客鉄道,石巻線,jr_conventional,ordinary_linear,14,44.9,,unverified
21,J03-4,jp,JR東日本在来線,東日本旅客鉄道␟横浜線,東日本旅客鉄道,横浜線,jr_conventional,ordinary_linear,20,44.0,,unverified
21,J03-4,jp,JR東日本在来線,東日本旅客鉄道␟陸羽西線,東日本旅客鉄道,陸羽西線,jr_conventional,ordinary_linear,10,43.3,,unverified
21,J03-4,jp,JR東日本在来線,東日本旅客鉄道␟日光線,東日本旅客鉄道,日光線,jr_conventional,ordinary_linear,7,41.1,,unverified
21,J03-4,jp,JR東日本在来線,東日本旅客鉄道␟青梅線,東日本旅客鉄道,青梅線,jr_conventional,ordinary_linear,26,39.3,,unverified
21,J03-4,jp,JR東日本在来線,東日本旅客鉄道␟南武線,東日本旅客鉄道,南武線,jr_conventional,branched_terminal,30,38.9,,unverified
21,J03-4,jp,JR東日本在来線,東日本旅客鉄道␟相模線,東日本旅客鉄道,相模線,jr_conventional,ordinary_linear,18,33.4,,unverified
21,J03-4,jp,JR東日本在来線,東日本旅客鉄道␟白新線,東日本旅客鉄道,白新線,jr_conventional,complex_multicycle,10,32.6,,unverified
21,J03-4,jp,JR東日本在来線,東日本旅客鉄道␟久留里線,東日本旅客鉄道,久留里線,jr_conventional,ordinary_linear,14,32.2,,unverified
21,J03-4,jp,JR東日本在来線,東日本旅客鉄道␟川越線,東日本旅客鉄道,川越線,jr_conventional,ordinary_linear,11,30.9,,unverified
21,J03-4,jp,JR東日本在来線,東日本旅客鉄道␟男鹿線,東日本旅客鉄道,男鹿線,jr_conventional,ordinary_linear,9,26.5,,unverified
22,J03-5,jp,JR東日本在来線,東日本旅客鉄道␟横須賀線,東日本旅客鉄道,横須賀線,jr_conventional,ordinary_linear,9,25.7,,unverified
22,J03-5,jp,JR東日本在来線,東日本旅客鉄道␟左沢線,東日本旅客鉄道,左沢線,jr_conventional,ordinary_linear,11,24.4,,unverified
22,J03-5,jp,JR東日本在来線,東日本旅客鉄道␟山手線,東日本旅客鉄道,山手線,jr_conventional,branch_rejoins,20,23.5,,unverified
22,J03-5,jp,JR東日本在来線,東日本旅客鉄道␟根岸線,東日本旅客鉄道,根岸線,jr_conventional,ordinary_linear,12,22.2,,unverified
22,J03-5,jp,JR東日本在来線,東日本旅客鉄道␟烏山線,東日本旅客鉄道,烏山線,jr_conventional,ordinary_linear,8,20.4,,unverified
22,J03-5,jp,JR東日本在来線,東日本旅客鉄道␟気仙沼線,東日本旅客鉄道,気仙沼線,jr_conventional,ordinary_linear,6,17.6,,unverified
22,J03-5,jp,JR東日本在来線,東日本旅客鉄道␟弥彦線,東日本旅客鉄道,弥彦線,jr_conventional,ordinary_linear,8,17.6,,unverified
22,J03-5,jp,JR東日本在来線,東日本旅客鉄道␟鹿島線,東日本旅客鉄道,鹿島線,jr_conventional,ordinary_linear,6,17.5,,unverified
22,J03-5,jp,JR東日本在来線,東日本旅客鉄道␟伊東線,東日本旅客鉄道,伊東線,jr_conventional,ordinary_linear,6,17.1,,unverified
22,J03-5,jp,JR東日本在来線,東日本旅客鉄道␟東金線,東日本旅客鉄道,東金線,jr_conventional,ordinary_linear,5,14.9,,unverified
22,J03-5,jp,JR東日本在来線,東日本旅客鉄道␟五日市線,東日本旅客鉄道,五日市線,jr_conventional,ordinary_linear,7,11.2,,unverified
22,J03-5,jp,JR東日本在来線,東日本旅客鉄道␟鶴見線,東日本旅客鉄道,鶴見線,jr_conventional,branched_terminal,14,9.6,,pending
22,J03-5,jp,JR東日本在来線,東日本旅客鉄道␟赤羽線,東日本旅客鉄道,赤羽線,jr_conventional,ordinary_linear,4,6.1,,unverified
23,J04-1,jp,JR西日本在来線,西日本旅客鉄道␟山陰線,西日本旅客鉄道,山陰線,jr_conventional,branched_terminal,161,678.0,,unverified
23,J04-1,jp,JR西日本在来線,西日本旅客鉄道␟山陽線,西日本旅客鉄道,山陽線,jr_conventional,disconnected,131,551.8,,pending
23,J04-1,jp,JR西日本在来線,西日本旅客鉄道␟紀勢線,西日本旅客鉄道,紀勢線,jr_conventional,ordinary_linear,56,215.7,,unverified
23,J04-1,jp,JR西日本在来線,西日本旅客鉄道␟芸備線,西日本旅客鉄道,芸備線,jr_conventional,branched_terminal,44,159.5,,unverified
23,J04-1,jp,JR西日本在来線,西日本旅客鉄道␟姫新線,西日本旅客鉄道,姫新線,jr_conventional,ordinary_linear,36,159.5,,unverified
23,J04-1,jp,JR西日本在来線,西日本旅客鉄道␟東海道線,西日本旅客鉄道,東海道線,jr_conventional,branch_rejoins,59,156.8,,pending
23,J04-1,jp,JR西日本在来線,西日本旅客鉄道␟伯備線,西日本旅客鉄道,伯備線,jr_conventional,branch_rejoins,28,146.8,,unverified
23,J04-1,jp,JR西日本在来線,西日本旅客鉄道␟関西線,西日本旅客鉄道,関西線,jr_conventional,complex_multicycle,34,118.0,,unverified
23,J04-1,jp,JR西日本在来線,西日本旅客鉄道␟福知山線,西日本旅客鉄道,福知山線,jr_conventional,ordinary_linear,30,109.2,,unverified
23,J04-1,jp,JR西日本在来線,西日本旅客鉄道␟山口線,西日本旅客鉄道,山口線,jr_conventional,ordinary_linear,28,94.2,,unverified
23,J04-1,jp,JR西日本在来線,西日本旅客鉄道␟呉線,西日本旅客鉄道,呉線,jr_conventional,ordinary_linear,28,87.6,,unverified
23,J04-1,jp,JR西日本在来線,西日本旅客鉄道␟和歌山線,西日本旅客鉄道,和歌山線,jr_conventional,ordinary_linear,36,87.6,,unverified
23,J04-1,jp,JR西日本在来線,西日本旅客鉄道␟小浜線,西日本旅客鉄道,小浜線,jr_conventional,ordinary_linear,24,84.5,,unverified
24,J04-2,jp,JR西日本在来線,西日本旅客鉄道␟木次線,西日本旅客鉄道,木次線,jr_conventional,reversing_linear,18,82.2,,unverified
24,J04-2,jp,JR西日本在来線,西日本旅客鉄道␟福塩線,西日本旅客鉄道,福塩線,jr_conventional,ordinary_linear,27,78.1,,unverified
24,J04-2,jp,JR西日本在来線,西日本旅客鉄道␟湖西線,西日本旅客鉄道,湖西線,jr_conventional,ordinary_linear,21,74.7,,unverified
24,J04-2,jp,JR西日本在来線,西日本旅客鉄道␟因美線,西日本旅客鉄道,因美線,jr_conventional,ordinary_linear,19,71.0,,unverified
24,J04-2,jp,JR西日本在来線,西日本旅客鉄道␟北陸線,西日本旅客鉄道,北陸線,jr_conventional,complex_multicycle,14,68.7,,unverified
24,J04-2,jp,JR西日本在来線,西日本旅客鉄道␟播但線,西日本旅客鉄道,播但線,jr_conventional,ordinary_linear,18,66.3,,unverified
24,J04-2,jp,JR西日本在来線,西日本旅客鉄道␟阪和線,西日本旅客鉄道,阪和線,jr_conventional,branched_terminal,37,63.2,,unverified
24,J04-2,jp,JR西日本在来線,西日本旅客鉄道␟七尾線,西日本旅客鉄道,七尾線,jr_conventional,ordinary_linear,20,59.7,,unverified
24,J04-2,jp,JR西日本在来線,西日本旅客鉄道␟津山線,西日本旅客鉄道,津山線,jr_conventional,ordinary_linear,17,58.9,,unverified
24,J04-2,jp,JR西日本在来線,西日本旅客鉄道␟赤穂線,西日本旅客鉄道,赤穂線,jr_conventional,ordinary_linear,19,57.7,,unverified
24,J04-2,jp,JR西日本在来線,西日本旅客鉄道␟越美北線,西日本旅客鉄道,越美北線,jr_conventional,ordinary_linear,22,52.6,,unverified
24,J04-2,jp,JR西日本在来線,西日本旅客鉄道␟加古川線,西日本旅客鉄道,加古川線,jr_conventional,ordinary_linear,21,48.7,,unverified
25,J04-3,jp,JR西日本在来線,西日本旅客鉄道␟美祢線,西日本旅客鉄道,美祢線,jr_conventional,ordinary_linear,12,46.3,,unverified
25,J04-3,jp,JR西日本在来線,西日本旅客鉄道␟片町線,西日本旅客鉄道,片町線,jr_conventional,ordinary_linear,24,45.1,,unverified
25,J04-3,jp,JR西日本在来線,西日本旅客鉄道␟岩徳線,西日本旅客鉄道,岩徳線,jr_conventional,ordinary_linear,15,43.9,,unverified
25,J04-3,jp,JR西日本在来線,西日本旅客鉄道␟草津線,西日本旅客鉄道,草津線,jr_conventional,branch_rejoins,12,39.3,,unverified
25,J04-3,jp,JR西日本在来線,西日本旅客鉄道␟高山線,西日本旅客鉄道,高山線,jr_conventional,ordinary_linear,10,36.7,,unverified
25,J04-3,jp,JR西日本在来線,西日本旅客鉄道␟大糸線,西日本旅客鉄道,大糸線,jr_conventional,ordinary_linear,9,35.5,,unverified
25,J04-3,jp,JR西日本在来線,西日本旅客鉄道␟奈良線,西日本旅客鉄道,奈良線,jr_conventional,ordinary_linear,19,35.5,,unverified
25,J04-3,jp,JR西日本在来線,西日本旅客鉄道␟宇部線,西日本旅客鉄道,宇部線,jr_conventional,ordinary_linear,18,33.6,,unverified
25,J04-3,jp,JR西日本在来線,西日本旅客鉄道␟宇野線,西日本旅客鉄道,宇野線,jr_conventional,ordinary_linear,15,33.0,,unverified
25,J04-3,jp,JR西日本在来線,西日本旅客鉄道␟城端線,西日本旅客鉄道,城端線,jr_conventional,ordinary_linear,14,29.9,,unverified
25,J04-3,jp,JR西日本在来線,西日本旅客鉄道␟桜井線,西日本旅客鉄道,桜井線,jr_conventional,ordinary_linear,14,29.5,,unverified
25,J04-3,jp,JR西日本在来線,西日本旅客鉄道␟舞鶴線,西日本旅客鉄道,舞鶴線,jr_conventional,ordinary_linear,6,26.7,,unverified
26,J04-4,jp,JR西日本在来線,西日本旅客鉄道␟大阪環状線,西日本旅客鉄道,大阪環状線,jr_conventional,loop,19,21.8,,unverified
26,J04-4,jp,JR西日本在来線,西日本旅客鉄道␟おおさか東線,西日本旅客鉄道,おおさか東線,jr_conventional,ordinary_linear,14,20.6,,unverified
26,J04-4,jp,JR西日本在来線,西日本旅客鉄道␟吉備線,西日本旅客鉄道,吉備線,jr_conventional,ordinary_linear,10,20.6,,unverified
26,J04-4,jp,JR西日本在来線,西日本旅客鉄道␟境線,西日本旅客鉄道,境線,jr_conventional,ordinary_linear,16,18.4,,unverified
26,J04-4,jp,JR西日本在来線,西日本旅客鉄道␟氷見線,西日本旅客鉄道,氷見線,jr_conventional,ordinary_linear,8,16.7,,unverified
26,J04-4,jp,JR西日本在来線,西日本旅客鉄道␟可部線,西日本旅客鉄道,可部線,jr_conventional,ordinary_linear,14,15.8,,unverified
26,J04-4,jp,JR西日本在来線,西日本旅客鉄道␟小野田線,西日本旅客鉄道,小野田線,jr_conventional,branched_terminal,12,14.2,,unverified
26,J04-4,jp,JR西日本在来線,西日本旅客鉄道␟本四備讃線,西日本旅客鉄道,本四備讃線,jr_conventional,ordinary_linear,5,13.2,,unverified
26,J04-4,jp,JR西日本在来線,西日本旅客鉄道␟JR東西線,西日本旅客鉄道,JR東西線,jr_conventional,ordinary_linear,9,12.5,,unverified
26,J04-4,jp,JR西日本在来線,西日本旅客鉄道␟関西空港線,西日本旅客鉄道,関西空港線,jr_conventional,ordinary_linear,3,11.6,,unverified
26,J04-4,jp,JR西日本在来線,西日本旅客鉄道␟博多南線,西日本旅客鉄道,博多南線,jr_conventional,ordinary_linear,2,9.4,,unverified
26,J04-4,jp,JR西日本在来線,西日本旅客鉄道␟桜島線,西日本旅客鉄道,桜島線,jr_conventional,ordinary_linear,4,4.4,,unverified
27,J05-1,jp,JR東海・四国・九州在来線,九州旅客鉄道␟日豊線,九州旅客鉄道,日豊線,jr_conventional,disconnected,113,475.2,,unverified
27,J05-1,jp,JR東海・四国・九州在来線,九州旅客鉄道␟鹿児島線,九州旅客鉄道,鹿児島線,jr_conventional,disconnected,99,300.8,,pending
27,J05-1,jp,JR東海・四国・九州在来線,九州旅客鉄道␟長崎線,九州旅客鉄道,長崎線,jr_conventional,branched_terminal,41,149.3,,pending
27,J05-1,jp,JR東海・四国・九州在来線,九州旅客鉄道␟豊肥線,九州旅客鉄道,豊肥線,jr_conventional,ordinary_linear,37,148.2,,unverified
27,J05-1,jp,JR東海・四国・九州在来線,九州旅客鉄道␟久大線,九州旅客鉄道,久大線,jr_conventional,ordinary_linear,37,140.9,,unverified
27,J05-1,jp,JR東海・四国・九州在来線,九州旅客鉄道␟肥薩線,九州旅客鉄道,肥薩線,jr_conventional,loop_and_switchbacks_suspended,28,124.7,,unverified
27,J05-1,jp,JR東海・四国・九州在来線,九州旅客鉄道␟日南線,九州旅客鉄道,日南線,jr_conventional,ordinary_linear,28,89.3,,unverified
27,J05-1,jp,JR東海・四国・九州在来線,九州旅客鉄道␟指宿枕崎線,九州旅客鉄道,指宿枕崎線,jr_conventional,ordinary_linear,36,88.0,,unverified
27,J05-1,jp,JR東海・四国・九州在来線,九州旅客鉄道␟日田彦山線,九州旅客鉄道,日田彦山線,jr_conventional,ordinary_linear,24,68.9,,unverified
27,J05-1,jp,JR東海・四国・九州在来線,九州旅客鉄道␟筑肥線,九州旅客鉄道,筑肥線,jr_conventional,disconnected,31,68.7,,unverified
27,J05-1,jp,JR東海・四国・九州在来線,九州旅客鉄道␟筑豊線,九州旅客鉄道,筑豊線,jr_conventional,ordinary_linear,26,66.9,,unverified
28,J05-2,jp,JR東海・四国・九州在来線,九州旅客鉄道␟吉都線,九州旅客鉄道,吉都線,jr_conventional,ordinary_linear,17,61.8,,unverified
28,J05-2,jp,JR東海・四国・九州在来線,九州旅客鉄道␟佐世保線,九州旅客鉄道,佐世保線,jr_conventional,branched_terminal,14,48.8,,unverified
28,J05-2,jp,JR東海・四国・九州在来線,九州旅客鉄道␟大村線,九州旅客鉄道,大村線,jr_conventional,ordinary_linear,15,48.0,,unverified
28,J05-2,jp,JR東海・四国・九州在来線,九州旅客鉄道␟唐津線,九州旅客鉄道,唐津線,jr_conventional,ordinary_linear,13,42.7,,unverified
28,J05-2,jp,JR東海・四国・九州在来線,九州旅客鉄道␟三角線,九州旅客鉄道,三角線,jr_conventional,ordinary_linear,9,25.9,,unverified
28,J05-2,jp,JR東海・四国・九州在来線,九州旅客鉄道␟篠栗線,九州旅客鉄道,篠栗線,jr_conventional,ordinary_linear,11,25.1,,unverified
28,J05-2,jp,JR東海・四国・九州在来線,九州旅客鉄道␟香椎線,九州旅客鉄道,香椎線,jr_conventional,ordinary_linear,16,25.1,,unverified
28,J05-2,jp,JR東海・四国・九州在来線,九州旅客鉄道␟後藤寺線,九州旅客鉄道,後藤寺線,jr_conventional,ordinary_linear,6,13.4,,unverified
28,J05-2,jp,JR東海・四国・九州在来線,九州旅客鉄道␟山陽線,九州旅客鉄道,山陽線,jr_conventional,ordinary_linear,2,6.3,,unverified
28,J05-2,jp,JR東海・四国・九州在来線,九州旅客鉄道␟宮崎空港線,九州旅客鉄道,宮崎空港線,jr_conventional,ordinary_linear,2,1.5,,unverified
29,J05-3,jp,JR東海・四国・九州在来線,東海旅客鉄道␟東海道線,東海旅客鉄道,東海道線,jr_conventional,complex_multicycle,89,371.3,,unverified
29,J05-3,jp,JR東海・四国・九州在来線,東海旅客鉄道␟中央線,東海旅客鉄道,中央線,jr_conventional,ordinary_linear,40,199.9,,unverified
29,J05-3,jp,JR東海・四国・九州在来線,東海旅客鉄道␟飯田線,東海旅客鉄道,飯田線,jr_conventional,branch_rejoins,94,197.3,,unverified
29,J05-3,jp,JR東海・四国・九州在来線,東海旅客鉄道␟高山線,東海旅客鉄道,高山線,jr_conventional,branched_terminal,36,190.6,,unverified
29,J05-3,jp,JR東海・四国・九州在来線,東海旅客鉄道␟紀勢線,東海旅客鉄道,紀勢線,jr_conventional,branch_rejoins,41,181.2,,unverified
29,J05-3,jp,JR東海・四国・九州在来線,東海旅客鉄道␟身延線,東海旅客鉄道,身延線,jr_conventional,ordinary_linear,39,89.9,,unverified
29,J05-3,jp,JR東海・四国・九州在来線,東海旅客鉄道␟関西線,東海旅客鉄道,関西線,jr_conventional,complex_multicycle,19,62.6,,unverified
29,J05-3,jp,JR東海・四国・九州在来線,東海旅客鉄道␟御殿場線,東海旅客鉄道,御殿場線,jr_conventional,complex_loop,20,62.0,,unverified
29,J05-3,jp,JR東海・四国・九州在来線,東海旅客鉄道␟名松線,東海旅客鉄道,名松線,jr_conventional,ordinary_linear,15,43.7,,unverified
29,J05-3,jp,JR東海・四国・九州在来線,東海旅客鉄道␟参宮線,東海旅客鉄道,参宮線,jr_conventional,ordinary_linear,10,29.3,,unverified
29,J05-3,jp,JR東海・四国・九州在来線,東海旅客鉄道␟武豊線,東海旅客鉄道,武豊線,jr_conventional,branch_rejoins,10,20.7,,unverified
29,J05-3,jp,JR東海・四国・九州在来線,東海旅客鉄道␟太多線,東海旅客鉄道,太多線,jr_conventional,ordinary_linear,8,18.0,,unverified
30,J05-4,jp,JR東海・四国・九州在来線,四国旅客鉄道␟予讃線,四国旅客鉄道,予讃線,jr_conventional,branch_rejoins,95,325.4,,pending
30,J05-4,jp,JR東海・四国・九州在来線,四国旅客鉄道␟土讃線,四国旅客鉄道,土讃線,jr_conventional,branched_terminal,61,198.5,,unverified
30,J05-4,jp,JR東海・四国・九州在来線,四国旅客鉄道␟牟岐線,四国旅客鉄道,牟岐線,jr_conventional,ordinary_linear,29,78.1,,unverified
30,J05-4,jp,JR東海・四国・九州在来線,四国旅客鉄道␟予土線,四国旅客鉄道,予土線,jr_conventional,ordinary_linear,20,76.2,,unverified
30,J05-4,jp,JR東海・四国・九州在来線,四国旅客鉄道␟高徳線,四国旅客鉄道,高徳線,jr_conventional,ordinary_linear,29,74.7,,unverified
30,J05-4,jp,JR東海・四国・九州在来線,四国旅客鉄道␟徳島線,四国旅客鉄道,徳島線,jr_conventional,ordinary_linear,24,67.5,,unverified
30,J05-4,jp,JR東海・四国・九州在来線,四国旅客鉄道␟本四備讃線,四国旅客鉄道,本四備讃線,jr_conventional,branched_terminal,2,19.2,,unverified
30,J05-4,jp,JR東海・四国・九州在来線,四国旅客鉄道␟鳴門線,四国旅客鉄道,鳴門線,jr_conventional,ordinary_linear,7,8.5,,unverified
30,J05-4,jp,JR東海・四国・九州在来線,四国旅客鉄道␟内子線,四国旅客鉄道,内子線,jr_conventional,ordinary_linear,4,5.5,,unverified
31,J06-1,jp,地下鉄,東京地下鉄␟5号線東西線,東京地下鉄,5号線東西線,subway,ordinary_linear,23,31.0,,unverified
31,J06-1,jp,地下鉄,東京地下鉄␟8号線有楽町線,東京地下鉄,8号線有楽町線,subway,ordinary_linear,24,28.6,,unverified
31,J06-1,jp,地下鉄,東京地下鉄␟9号線千代田線,東京地下鉄,9号線千代田線,subway,ordinary_linear,20,25.4,,unverified
31,J06-1,jp,地下鉄,東京地下鉄␟4号線丸ノ内線,東京地下鉄,4号線丸ノ内線,subway,ordinary_linear,25,24.6,,unverified
31,J06-1,jp,地下鉄,東京地下鉄␟7号線南北線,東京地下鉄,7号線南北線,subway,ordinary_linear,19,21.5,,unverified
31,J06-1,jp,地下鉄,東京地下鉄␟2号線日比谷線,東京地下鉄,2号線日比谷線,subway,ordinary_linear,22,20.5,,unverified
31,J06-1,jp,地下鉄,東京地下鉄␟11号線半蔵門線,東京地下鉄,11号線半蔵門線,subway,ordinary_linear,14,17.1,,unverified
31,J06-1,jp,地下鉄,東京地下鉄␟3号線銀座線,東京地下鉄,3号線銀座線,subway,ordinary_linear,19,14.3,,unverified
31,J06-1,jp,地下鉄,東京地下鉄␟13号線副都心線,東京地下鉄,13号線副都心線,subway,ordinary_linear,11,12.2,,unverified
31,J06-1,jp,地下鉄,東京地下鉄␟4号線丸ノ内線分岐線,東京地下鉄,4号線丸ノ内線分岐線,subway,ordinary_linear,4,3.4,,unverified
32,J06-2,jp,地下鉄,大阪市高速電気軌道␟2号線(谷町線),大阪市高速電気軌道,2号線(谷町線),subway,ordinary_linear,26,28.2,,unverified
32,J06-2,jp,地下鉄,大阪市高速電気軌道␟1号線(御堂筋線),大阪市高速電気軌道,1号線(御堂筋線),subway,ordinary_linear,20,24.8,,unverified
32,J06-2,jp,地下鉄,大阪市高速電気軌道␟4号線(中央線),大阪市高速電気軌道,4号線(中央線),subway,ordinary_linear,15,21.2,,unverified
32,J06-2,jp,地下鉄,大阪市高速電気軌道␟7号線(長堀鶴見緑地線),大阪市高速電気軌道,7号線(長堀鶴見緑地線),subway,ordinary_linear,17,15.0,,unverified
32,J06-2,jp,地下鉄,大阪市高速電気軌道␟5号線(千日前線),大阪市高速電気軌道,5号線(千日前線),subway,ordinary_linear,14,12.9,,unverified
32,J06-2,jp,地下鉄,大阪市高速電気軌道␟8号線(今里筋線),大阪市高速電気軌道,8号線(今里筋線),subway,ordinary_linear,11,12.1,,unverified
32,J06-2,jp,地下鉄,大阪市高速電気軌道␟3号線(四つ橋線),大阪市高速電気軌道,3号線(四つ橋線),subway,ordinary_linear,11,11.5,,unverified
32,J06-2,jp,地下鉄,大阪市高速電気軌道␟6号線(堺筋線),大阪市高速電気軌道,6号線(堺筋線),subway,ordinary_linear,10,8.7,,unverified
32,J06-2,jp,地下鉄,名古屋市␟1号線東山線,名古屋市,1号線東山線,subway,ordinary_linear,22,20.9,,unverified
32,J06-2,jp,地下鉄,名古屋市␟3号線鶴舞線,名古屋市,3号線鶴舞線,subway,ordinary_linear,20,20.5,,unverified
32,J06-2,jp,地下鉄,名古屋市␟6号線桜通線,名古屋市,6号線桜通線,subway,ordinary_linear,21,19.2,,unverified
32,J06-2,jp,地下鉄,名古屋市␟4号線名城線,名古屋市,4号線名城線,subway,ordinary_linear,18,17.5,,unverified
32,J06-2,jp,地下鉄,名古屋市␟2号線名城線,名古屋市,2号線名城線,subway,ordinary_linear,12,9.0,,unverified
32,J06-2,jp,地下鉄,名古屋市␟2号線名港線,名古屋市,2号線名港線,subway,ordinary_linear,7,6.1,,unverified
32,J06-2,jp,地下鉄,名古屋市␟上飯田線,名古屋市,上飯田線,subway,ordinary_linear,2,1.0,,unverified
33,J06-3,jp,地下鉄,神戸市␟西神延伸線,神戸市,西神延伸線,subway,ordinary_linear,6,10.4,,unverified
33,J06-3,jp,地下鉄,神戸市␟海岸線,神戸市,海岸線,subway,ordinary_linear,10,8.0,,unverified
33,J06-3,jp,地下鉄,神戸市␟北神線,神戸市,北神線,subway,ordinary_linear,2,7.7,,unverified
33,J06-3,jp,地下鉄,神戸市␟山手線,神戸市,山手線,subway,ordinary_linear,8,7.6,,unverified
33,J06-3,jp,地下鉄,神戸市␟西神線,神戸市,西神線,subway,ordinary_linear,4,5.8,,unverified
33,J06-3,jp,地下鉄,東京都␟12号線大江戸線,東京都,12号線大江戸線,subway,loop_with_tail,38,40.8,,pending
33,J06-3,jp,地下鉄,東京都␟6号線三田線,東京都,6号線三田線,subway,ordinary_linear,27,26.7,,unverified
33,J06-3,jp,地下鉄,東京都␟10号線新宿線,東京都,10号線新宿線,subway,ordinary_linear,21,23.9,,unverified
33,J06-3,jp,地下鉄,東京都␟1号線浅草線,東京都,1号線浅草線,subway,ordinary_linear,20,18.5,,unverified
33,J06-3,jp,地下鉄,横浜市␟3号線,横浜市,3号線,subway,ordinary_linear,16,21.3,,unverified
33,J06-3,jp,地下鉄,横浜市␟1号線,横浜市,1号線,subway,ordinary_linear,17,20.1,,unverified
33,J06-3,jp,地下鉄,横浜市␟4号線,横浜市,4号線,subway,ordinary_linear,10,13.1,,unverified
34,J06-4,jp,地下鉄,札幌市␟東西線,札幌市,東西線,subway,ordinary_linear,19,20.3,,unverified
34,J06-4,jp,地下鉄,札幌市␟南北線,札幌市,南北線,subway,ordinary_linear,16,14.8,,unverified
34,J06-4,jp,地下鉄,札幌市␟東豊線,札幌市,東豊線,subway,ordinary_linear,14,13.8,,unverified
34,J06-4,jp,地下鉄,福岡市␟3号線(七隈線),福岡市,3号線(七隈線),subway,ordinary_linear,18,13.8,,unverified
34,J06-4,jp,地下鉄,福岡市␟1号線(空港線),福岡市,1号線(空港線),subway,ordinary_linear,13,13.2,,unverified
34,J06-4,jp,地下鉄,福岡市␟2号線(箱崎線),福岡市,2号線(箱崎線),subway,ordinary_linear,7,5.0,,unverified
34,J06-4,jp,地下鉄,京都市␟東西線,京都市,東西線,subway,ordinary_linear,17,17.6,,unverified
34,J06-4,jp,地下鉄,京都市␟烏丸線,京都市,烏丸線,subway,ordinary_linear,15,14.1,,unverified
34,J06-4,jp,地下鉄,仙台市␟南北線,仙台市,南北線,subway,ordinary_linear,17,14.9,,unverified
34,J06-4,jp,地下鉄,仙台市␟東西線,仙台市,東西線,subway,ordinary_linear,13,14.0,,unverified
35,J07-1,jp,関東大手私鉄,東武鉄道␟伊勢崎線,東武鉄道,伊勢崎線,private,branched_terminal,55,115.4,,unverified
35,J07-1,jp,関東大手私鉄,東武鉄道␟日光線,東武鉄道,日光線,private,ordinary_linear,27,94.9,,unverified
35,J07-1,jp,関東大手私鉄,東武鉄道␟東上本線,東武鉄道,東上本線,private,branch_rejoins,39,76.5,,unverified
35,J07-1,jp,関東大手私鉄,東武鉄道␟野田線,東武鉄道,野田線,private,branched_terminal,35,62.4,,unverified
35,J07-1,jp,関東大手私鉄,東武鉄道␟宇都宮線,東武鉄道,宇都宮線,private,ordinary_linear,11,24.3,,unverified
35,J07-1,jp,関東大手私鉄,東武鉄道␟佐野線,東武鉄道,佐野線,private,ordinary_linear,10,22.2,,unverified
35,J07-1,jp,関東大手私鉄,東武鉄道␟桐生線,東武鉄道,桐生線,private,ordinary_linear,8,20.5,,unverified
35,J07-1,jp,関東大手私鉄,東武鉄道␟小泉線,東武鉄道,小泉線,private,branched_terminal,9,18.1,,unverified
35,J07-1,jp,関東大手私鉄,東武鉄道␟鬼怒川線,東武鉄道,鬼怒川線,private,ordinary_linear,9,16.4,,unverified
35,J07-1,jp,関東大手私鉄,東武鉄道␟越生線,東武鉄道,越生線,private,ordinary_linear,8,11.3,,unverified
35,J07-1,jp,関東大手私鉄,東武鉄道␟亀戸線,東武鉄道,亀戸線,private,ordinary_linear,5,3.7,,unverified
35,J07-1,jp,関東大手私鉄,東武鉄道␟大師線,東武鉄道,大師線,private,ordinary_linear,2,1.0,,unverified
36,J07-2,jp,関東大手私鉄,西武鉄道␟池袋線,西武鉄道,池袋線,private,branched_terminal,31,57.8,,unverified
36,J07-2,jp,関東大手私鉄,西武鉄道␟新宿線,西武鉄道,新宿線,private,ordinary_linear,29,47.8,,unverified
36,J07-2,jp,関東大手私鉄,西武鉄道␟西武秩父線,西武鉄道,西武秩父線,private,branched_terminal,6,19.0,,unverified
36,J07-2,jp,関東大手私鉄,西武鉄道␟拝島線,西武鉄道,拝島線,private,ordinary_linear,8,14.7,,unverified
36,J07-2,jp,関東大手私鉄,西武鉄道␟多摩湖線,西武鉄道,多摩湖線,private,ordinary_linear,7,9.2,,unverified
36,J07-2,jp,関東大手私鉄,西武鉄道␟多摩川線,西武鉄道,多摩川線,private,ordinary_linear,6,8.1,,unverified
36,J07-2,jp,関東大手私鉄,西武鉄道␟国分寺線,西武鉄道,国分寺線,private,ordinary_linear,5,8.0,,unverified
36,J07-2,jp,関東大手私鉄,西武鉄道␟狭山線,西武鉄道,狭山線,private,ordinary_linear,3,4.2,,unverified
36,J07-2,jp,関東大手私鉄,西武鉄道␟西武有楽町線,西武鉄道,西武有楽町線,private,ordinary_linear,3,2.8,,unverified
36,J07-2,jp,関東大手私鉄,西武鉄道␟西武園線,西武鉄道,西武園線,private,ordinary_linear,2,2.6,,unverified
36,J07-2,jp,関東大手私鉄,西武鉄道␟豊島線,西武鉄道,豊島線,private,ordinary_linear,2,1.1,,unverified
37,J07-3,jp,関東大手私鉄,京成電鉄␟本線,京成電鉄,本線,private,ordinary_linear,42,69.4,,unverified
37,J07-3,jp,関東大手私鉄,京成電鉄␟成田空港線,京成電鉄,成田空港線,private,ordinary_linear,8,52.2,,unverified
37,J07-3,jp,関東大手私鉄,京成電鉄␟松戸線,京成電鉄,松戸線,private,ordinary_linear,24,26.8,,unverified
37,J07-3,jp,関東大手私鉄,京成電鉄␟千葉線,京成電鉄,千葉線,private,ordinary_linear,10,12.9,,unverified
37,J07-3,jp,関東大手私鉄,京成電鉄␟千原線,京成電鉄,千原線,private,ordinary_linear,6,11.1,,unverified
37,J07-3,jp,関東大手私鉄,京成電鉄␟東成田線,京成電鉄,東成田線,private,ordinary_linear,2,7.3,,unverified
37,J07-3,jp,関東大手私鉄,京成電鉄␟押上線,京成電鉄,押上線,private,ordinary_linear,6,5.9,,unverified
37,J07-3,jp,関東大手私鉄,京成電鉄␟金町線,京成電鉄,金町線,private,ordinary_linear,3,2.6,,unverified
38,J07-4,jp,関東大手私鉄,東急電鉄␟田園都市線,東急電鉄,田園都市線,private,ordinary_linear,27,31.6,,unverified
38,J07-4,jp,関東大手私鉄,東急電鉄␟東横線,東急電鉄,東横線,private,branched_terminal,22,25.1,,unverified
38,J07-4,jp,関東大手私鉄,東急電鉄␟池上線,東急電鉄,池上線,private,ordinary_linear,15,10.9,,unverified
38,J07-4,jp,関東大手私鉄,東急電鉄␟大井町線,東急電鉄,大井町線,private,ordinary_linear,15,10.6,,unverified
38,J07-4,jp,関東大手私鉄,東急電鉄␟目黒線,東急電鉄,目黒線,private,ordinary_linear,8,6.6,,unverified
38,J07-4,jp,関東大手私鉄,東急電鉄␟東急新横浜線,東急電鉄,東急新横浜線,private,ordinary_linear,3,6.1,,unverified
38,J07-4,jp,関東大手私鉄,東急電鉄␟東急多摩川線,東急電鉄,東急多摩川線,private,ordinary_linear,7,5.7,,unverified
38,J07-4,jp,関東大手私鉄,東急電鉄␟こどもの国線,東急電鉄,こどもの国線,private,ordinary_linear,3,3.4,,unverified
38,J07-4,jp,関東大手私鉄,京王電鉄␟京王線,京王電鉄,京王線,private,loop_with_tail,35,40.7,,pending
38,J07-4,jp,関東大手私鉄,京王電鉄␟相模原線,京王電鉄,相模原線,private,ordinary_linear,12,22.8,,unverified
38,J07-4,jp,関東大手私鉄,京王電鉄␟井の頭線,京王電鉄,井の頭線,private,ordinary_linear,17,12.9,,unverified
38,J07-4,jp,関東大手私鉄,京王電鉄␟高尾線,京王電鉄,高尾線,private,ordinary_linear,7,8.8,,unverified
38,J07-4,jp,関東大手私鉄,京王電鉄␟動物園線,京王電鉄,動物園線,private,ordinary_linear,2,2.1,,unverified
38,J07-4,jp,関東大手私鉄,京王電鉄␟競馬場線,京王電鉄,競馬場線,private,ordinary_linear,2,1.1,,unverified
39,J07-5,jp,関東大手私鉄,京浜急行電鉄␟本線,京浜急行電鉄,本線,private,ordinary_linear,50,56.8,,unverified
39,J07-5,jp,関東大手私鉄,京浜急行電鉄␟久里浜線,京浜急行電鉄,久里浜線,private,ordinary_linear,9,13.5,,unverified
39,J07-5,jp,関東大手私鉄,京浜急行電鉄␟空港線,京浜急行電鉄,空港線,private,ordinary_linear,7,6.8,,unverified
39,J07-5,jp,関東大手私鉄,京浜急行電鉄␟逗子線,京浜急行電鉄,逗子線,private,ordinary_linear,4,6.1,,unverified
39,J07-5,jp,関東大手私鉄,京浜急行電鉄␟大師線,京浜急行電鉄,大師線,private,ordinary_linear,7,4.5,,unverified
39,J07-5,jp,関東大手私鉄,小田急電鉄␟小田原線,小田急電鉄,小田原線,private,branched_terminal,47,83.6,,unverified
39,J07-5,jp,関東大手私鉄,小田急電鉄␟江ノ島線,小田急電鉄,江ノ島線,private,branched_terminal,17,28.0,,unverified
39,J07-5,jp,関東大手私鉄,小田急電鉄␟多摩線,小田急電鉄,多摩線,private,ordinary_linear,8,10.8,,unverified
39,J07-5,jp,関東大手私鉄,相模鉄道␟相鉄本線,相模鉄道,相鉄本線,private,ordinary_linear,18,24.7,,unverified
39,J07-5,jp,関東大手私鉄,相模鉄道␟相鉄いずみ野線,相模鉄道,相鉄いずみ野線,private,ordinary_linear,8,11.5,,unverified
39,J07-5,jp,関東大手私鉄,相模鉄道␟相鉄新横浜線,相模鉄道,相鉄新横浜線,private,ordinary_linear,3,6.5,,unverified
40,J08-1,jp,関西・中部大手私鉄,近畿日本鉄道␟大阪線,近畿日本鉄道,大阪線,private,branch_rejoins,49,109.8,,unverified
40,J08-1,jp,関西・中部大手私鉄,近畿日本鉄道␟名古屋線,近畿日本鉄道,名古屋線,private,ordinary_linear,44,79.0,,unverified
40,J08-1,jp,関西・中部大手私鉄,近畿日本鉄道␟南大阪線,近畿日本鉄道,南大阪線,private,ordinary_linear,28,39.8,,unverified
40,J08-1,jp,関西・中部大手私鉄,近畿日本鉄道␟京都線,近畿日本鉄道,京都線,private,ordinary_linear,26,35.2,,unverified
40,J08-1,jp,関西・中部大手私鉄,近畿日本鉄道␟山田線,近畿日本鉄道,山田線,private,disconnected,14,28.4,,unverified
40,J08-1,jp,関西・中部大手私鉄,近畿日本鉄道␟奈良線,近畿日本鉄道,奈良線,private,ordinary_linear,19,26.7,,unverified
40,J08-1,jp,関西・中部大手私鉄,近畿日本鉄道␟橿原線,近畿日本鉄道,橿原線,private,branch_rejoins,17,25.9,,unverified
40,J08-1,jp,関西・中部大手私鉄,近畿日本鉄道␟吉野線,近畿日本鉄道,吉野線,private,branched_terminal,16,25.5,,unverified
40,J08-1,jp,関西・中部大手私鉄,近畿日本鉄道␟志摩線,近畿日本鉄道,志摩線,private,ordinary_linear,16,24.7,,unverified
40,J08-1,jp,関西・中部大手私鉄,近畿日本鉄道␟けいはんな線,近畿日本鉄道,けいはんな線,private,ordinary_linear,8,18.6,,unverified
40,J08-1,jp,関西・中部大手私鉄,近畿日本鉄道␟湯の山線,近畿日本鉄道,湯の山線,private,ordinary_linear,10,15.5,,unverified
41,J08-2,jp,関西・中部大手私鉄,近畿日本鉄道␟鳥羽線,近畿日本鉄道,鳥羽線,private,ordinary_linear,5,13.3,,unverified
41,J08-2,jp,関西・中部大手私鉄,近畿日本鉄道␟長野線,近畿日本鉄道,長野線,private,ordinary_linear,8,12.7,,unverified
41,J08-2,jp,関西・中部大手私鉄,近畿日本鉄道␟生駒線,近畿日本鉄道,生駒線,private,ordinary_linear,12,12.6,,unverified
41,J08-2,jp,関西・中部大手私鉄,近畿日本鉄道␟田原本線,近畿日本鉄道,田原本線,private,ordinary_linear,8,10.2,,unverified
41,J08-2,jp,関西・中部大手私鉄,近畿日本鉄道␟鈴鹿線,近畿日本鉄道,鈴鹿線,private,ordinary_linear,5,8.3,,unverified
41,J08-2,jp,関西・中部大手私鉄,近畿日本鉄道␟御所線,近畿日本鉄道,御所線,private,ordinary_linear,4,5.5,,unverified
41,J08-2,jp,関西・中部大手私鉄,近畿日本鉄道␟天理線,近畿日本鉄道,天理線,private,ordinary_linear,4,4.5,,unverified
41,J08-2,jp,関西・中部大手私鉄,近畿日本鉄道␟信貴線,近畿日本鉄道,信貴線,private,ordinary_linear,3,3.0,,unverified
41,J08-2,jp,関西・中部大手私鉄,近畿日本鉄道␟道明寺線,近畿日本鉄道,道明寺線,private,ordinary_linear,3,2.3,,unverified
41,J08-2,jp,関西・中部大手私鉄,近畿日本鉄道␟難波線,近畿日本鉄道,難波線,private,ordinary_linear,3,2.1,,unverified
42,J08-3,jp,関西・中部大手私鉄,名古屋鉄道␟名古屋本線,名古屋鉄道,名古屋本線,private,branch_rejoins,60,101.5,,unverified
42,J08-3,jp,関西・中部大手私鉄,名古屋鉄道␟三河線,名古屋鉄道,三河線,private,branched_terminal,23,39.6,,unverified
42,J08-3,jp,関西・中部大手私鉄,名古屋鉄道␟尾西線,名古屋鉄道,尾西線,private,ordinary_linear,22,31.1,,unverified
42,J08-3,jp,関西・中部大手私鉄,名古屋鉄道␟常滑線,名古屋鉄道,常滑線,private,ordinary_linear,23,29.3,,unverified
42,J08-3,jp,関西・中部大手私鉄,名古屋鉄道␟河和線,名古屋鉄道,河和線,private,ordinary_linear,20,28.8,,unverified
42,J08-3,jp,関西・中部大手私鉄,名古屋鉄道␟犬山線,名古屋鉄道,犬山線,private,branched_terminal,17,27.6,,unverified
42,J08-3,jp,関西・中部大手私鉄,名古屋鉄道␟西尾線,名古屋鉄道,西尾線,private,ordinary_linear,14,24.7,,unverified
42,J08-3,jp,関西・中部大手私鉄,名古屋鉄道␟広見線,名古屋鉄道,広見線,private,branched_terminal,11,22.1,,unverified
42,J08-3,jp,関西・中部大手私鉄,名古屋鉄道␟小牧線,名古屋鉄道,小牧線,private,ordinary_linear,14,20.7,,unverified
42,J08-3,jp,関西・中部大手私鉄,名古屋鉄道␟瀬戸線,名古屋鉄道,瀬戸線,private,ordinary_linear,20,20.7,,unverified
43,J08-4,jp,関西・中部大手私鉄,名古屋鉄道␟各務原線,名古屋鉄道,各務原線,private,ordinary_linear,18,17.6,,unverified
43,J08-4,jp,関西・中部大手私鉄,名古屋鉄道␟蒲郡線,名古屋鉄道,蒲郡線,private,ordinary_linear,10,17.6,,unverified
43,J08-4,jp,関西・中部大手私鉄,名古屋鉄道␟豊田線,名古屋鉄道,豊田線,private,ordinary_linear,8,15.3,,unverified
43,J08-4,jp,関西・中部大手私鉄,名古屋鉄道␟知多新線,名古屋鉄道,知多新線,private,ordinary_linear,6,14.0,,unverified
43,J08-4,jp,関西・中部大手私鉄,名古屋鉄道␟津島線,名古屋鉄道,津島線,private,ordinary_linear,8,11.9,,unverified
43,J08-4,jp,関西・中部大手私鉄,名古屋鉄道␟竹鼻線,名古屋鉄道,竹鼻線,private,ordinary_linear,9,10.4,,unverified
43,J08-4,jp,関西・中部大手私鉄,名古屋鉄道␟空港線,名古屋鉄道,空港線,private,ordinary_linear,3,4.6,,unverified
43,J08-4,jp,関西・中部大手私鉄,名古屋鉄道␟築港線,名古屋鉄道,築港線,private,ordinary_linear,2,1.5,,unverified
43,J08-4,jp,関西・中部大手私鉄,名古屋鉄道␟羽島線,名古屋鉄道,羽島線,private,ordinary_linear,2,1.4,,unverified
44,J08-5,jp,関西・中部大手私鉄,阪急電鉄␟京都線,阪急電鉄,京都線,private,ordinary_linear,27,45.3,,unverified
44,J08-5,jp,関西・中部大手私鉄,阪急電鉄␟神戸線,阪急電鉄,神戸線,private,ordinary_linear,17,32.7,,unverified
44,J08-5,jp,関西・中部大手私鉄,阪急電鉄␟宝塚線,阪急電鉄,宝塚線,private,branched_terminal,19,24.7,,unverified
44,J08-5,jp,関西・中部大手私鉄,阪急電鉄␟千里線,阪急電鉄,千里線,private,ordinary_linear,11,13.8,,unverified
44,J08-5,jp,関西・中部大手私鉄,阪急電鉄␟今津線,阪急電鉄,今津線,private,branched_terminal,11,9.9,,unverified
44,J08-5,jp,関西・中部大手私鉄,阪急電鉄␟嵐山線,阪急電鉄,嵐山線,private,ordinary_linear,4,4.3,,unverified
44,J08-5,jp,関西・中部大手私鉄,阪急電鉄␟箕面線,阪急電鉄,箕面線,private,ordinary_linear,4,4.0,,unverified
44,J08-5,jp,関西・中部大手私鉄,阪急電鉄␟伊丹線,阪急電鉄,伊丹線,private,ordinary_linear,4,3.2,,unverified
44,J08-5,jp,関西・中部大手私鉄,阪急電鉄␟神戸高速線,阪急電鉄,神戸高速線,private,ordinary_linear,4,3.0,,unverified
44,J08-5,jp,関西・中部大手私鉄,阪急電鉄␟甲陽線,阪急電鉄,甲陽線,private,ordinary_linear,3,2.2,,unverified
45,J08-6,jp,関西・中部大手私鉄,南海電気鉄道␟高野線,南海電気鉄道,高野線,private,branched_terminal,43,66.8,,unverified
45,J08-6,jp,関西・中部大手私鉄,南海電気鉄道␟南海本線,南海電気鉄道,南海本線,private,branch_rejoins,44,64.8,,unverified
45,J08-6,jp,関西・中部大手私鉄,南海電気鉄道␟加太線,南海電気鉄道,加太線,private,ordinary_linear,8,9.6,,unverified
45,J08-6,jp,関西・中部大手私鉄,南海電気鉄道␟空港線,南海電気鉄道,空港線,private,ordinary_linear,3,9.2,,unverified
45,J08-6,jp,関西・中部大手私鉄,南海電気鉄道␟和歌山港線,南海電気鉄道,和歌山港線,private,ordinary_linear,2,2.9,,unverified
45,J08-6,jp,関西・中部大手私鉄,南海電気鉄道␟多奈川線,南海電気鉄道,多奈川線,private,ordinary_linear,4,2.6,,unverified
45,J08-6,jp,関西・中部大手私鉄,南海電気鉄道␟高師浜線,南海電気鉄道,高師浜線,private,ordinary_linear,3,1.5,,unverified
45,J08-6,jp,関西・中部大手私鉄,神戸電鉄␟粟生線,神戸電鉄,粟生線,private,ordinary_linear,20,29.2,,unverified
45,J08-6,jp,関西・中部大手私鉄,神戸電鉄␟有馬線,神戸電鉄,有馬線,private,ordinary_linear,15,22.6,,unverified
45,J08-6,jp,関西・中部大手私鉄,神戸電鉄␟三田線,神戸電鉄,三田線,private,ordinary_linear,10,12.1,,unverified
45,J08-6,jp,関西・中部大手私鉄,神戸電鉄␟公園都市線,神戸電鉄,公園都市線,private,ordinary_linear,4,5.6,,unverified
45,J08-6,jp,関西・中部大手私鉄,神戸電鉄␟神戸高速線,神戸電鉄,神戸高速線,private,ordinary_linear,2,0.5,,unverified
46,J08-7,jp,関西・中部大手私鉄,京阪電気鉄道␟京阪本線,京阪電気鉄道,京阪本線,private,branch_rejoins,41,49.6,,unverified
46,J08-7,jp,関西・中部大手私鉄,京阪電気鉄道␟宇治線,京阪電気鉄道,宇治線,private,ordinary_linear,8,7.7,,unverified
46,J08-7,jp,関西・中部大手私鉄,京阪電気鉄道␟交野線,京阪電気鉄道,交野線,private,ordinary_linear,8,6.9,,unverified
46,J08-7,jp,関西・中部大手私鉄,京阪電気鉄道␟中之島線,京阪電気鉄道,中之島線,private,ordinary_linear,5,2.9,,unverified
46,J08-7,jp,関西・中部大手私鉄,京阪電気鉄道␟鴨東線,京阪電気鉄道,鴨東線,private,ordinary_linear,3,2.5,,unverified
46,J08-7,jp,関西・中部大手私鉄,西日本鉄道␟天神大牟田線,西日本鉄道,天神大牟田線,private,ordinary_linear,50,75.3,,unverified
46,J08-7,jp,関西・中部大手私鉄,西日本鉄道␟甘木線,西日本鉄道,甘木線,private,ordinary_linear,12,17.9,,unverified
46,J08-7,jp,関西・中部大手私鉄,西日本鉄道␟貝塚線,西日本鉄道,貝塚線,private,ordinary_linear,10,11.3,,unverified
46,J08-7,jp,関西・中部大手私鉄,西日本鉄道␟太宰府線,西日本鉄道,太宰府線,private,ordinary_linear,3,2.5,,unverified
46,J08-7,jp,関西・中部大手私鉄,阪神電気鉄道␟本線,阪神電気鉄道,本線,private,ordinary_linear,33,32.2,,unverified
46,J08-7,jp,関西・中部大手私鉄,阪神電気鉄道␟阪神なんば線,阪神電気鉄道,阪神なんば線,private,ordinary_linear,12,10.3,,unverified
46,J08-7,jp,関西・中部大手私鉄,阪神電気鉄道␟神戸高速線,阪神電気鉄道,神戸高速線,private,ordinary_linear,7,5.1,,unverified
46,J08-7,jp,関西・中部大手私鉄,阪神電気鉄道␟武庫川線,阪神電気鉄道,武庫川線,private,ordinary_linear,4,1.7,,unverified
46,J08-7,jp,関西・中部大手私鉄,山陽電気鉄道␟本線,山陽電気鉄道,本線,private,ordinary_linear,43,54.7,,unverified
46,J08-7,jp,関西・中部大手私鉄,山陽電気鉄道␟網干線,山陽電気鉄道,網干線,private,ordinary_linear,7,8.6,,unverified
47,J08-8,jp,関西・中部大手私鉄,能勢電鉄␟妙見線,能勢電鉄,妙見線,private,ordinary_linear,14,12.3,,unverified
47,J08-8,jp,関西・中部大手私鉄,能勢電鉄␟日生線,能勢電鉄,日生線,private,ordinary_linear,2,2.7,,unverified
48,J09-1,jp,中小私鉄,富山地方鉄道␟本線,富山地方鉄道,本線,private,homonymous_lines,55,56.7,,unverified
48,J09-1,jp,中小私鉄,富山地方鉄道␟立山線,富山地方鉄道,立山線,private,ordinary_linear,14,24.3,,unverified
48,J09-1,jp,中小私鉄,富山地方鉄道␟上滝線,富山地方鉄道,上滝線,private,ordinary_linear,11,12.4,,unverified
48,J09-1,jp,中小私鉄,富山地方鉄道␟富山港線,富山地方鉄道,富山港線,private,ordinary_linear,15,7.8,,unverified
48,J09-1,jp,中小私鉄,富山地方鉄道␟不二越線,富山地方鉄道,不二越線,private,ordinary_linear,5,3.5,,unverified
48,J09-1,jp,中小私鉄,伊予鉄道␟横河原線,伊予鉄道,横河原線,private,ordinary_linear,15,13.3,,unverified
48,J09-1,jp,中小私鉄,伊予鉄道␟郡中線,伊予鉄道,郡中線,private,ordinary_linear,12,11.3,,unverified
48,J09-1,jp,中小私鉄,伊予鉄道␟高浜線,伊予鉄道,高浜線,private,ordinary_linear,10,9.4,,unverified
48,J09-1,jp,中小私鉄,伊予鉄道␟城北線,伊予鉄道,城北線,private,ordinary_linear,9,2.8,,unverified
48,J09-1,jp,中小私鉄,高松琴平電気鉄道␟琴平線,高松琴平電気鉄道,琴平線,private,ordinary_linear,23,33.0,,unverified
48,J09-1,jp,中小私鉄,高松琴平電気鉄道␟長尾線,高松琴平電気鉄道,長尾線,private,ordinary_linear,16,14.7,,unverified
48,J09-1,jp,中小私鉄,高松琴平電気鉄道␟志度線,高松琴平電気鉄道,志度線,private,ordinary_linear,16,12.5,,unverified
48,J09-1,jp,中小私鉄,近江鉄道␟本線,近江鉄道,本線,private,ordinary_linear,25,47.8,,unverified
48,J09-1,jp,中小私鉄,近江鉄道␟八日市線,近江鉄道,八日市線,private,ordinary_linear,7,9.3,,unverified
48,J09-1,jp,中小私鉄,近江鉄道␟多賀線,近江鉄道,多賀線,private,ordinary_linear,3,2.6,,unverified
49,J09-2,jp,中小私鉄,三岐鉄道␟三岐線,三岐鉄道,三岐線,private,ordinary_linear,14,25.6,,unverified
49,J09-2,jp,中小私鉄,三岐鉄道␟北勢線,三岐鉄道,北勢線,private,ordinary_linear,13,20.4,,unverified
49,J09-2,jp,中小私鉄,三岐鉄道␟近鉄連絡線,三岐鉄道,近鉄連絡線,private,ordinary_linear,1,1.2,,pending
49,J09-2,jp,中小私鉄,大井川鐵道␟大井川本線,大井川鐵道,大井川本線,private,ordinary_linear,20,39.6,,unverified
49,J09-2,jp,中小私鉄,大井川鐵道␟井川線,大井川鐵道,井川線,private,ordinary_linear,14,25.6,,unverified
49,J09-2,jp,中小私鉄,関東鉄道␟常総線,関東鉄道,常総線,private,ordinary_linear,25,51.4,,unverified
49,J09-2,jp,中小私鉄,関東鉄道␟竜ヶ崎線,関東鉄道,竜ヶ崎線,private,ordinary_linear,3,4.5,,unverified
49,J09-2,jp,中小私鉄,一畑電車␟北松江線,一畑電車,北松江線,private,ordinary_linear,22,34.0,,unverified
49,J09-2,jp,中小私鉄,一畑電車␟大社線,一畑電車,大社線,private,ordinary_linear,5,8.4,,unverified
49,J09-2,jp,中小私鉄,弘南鉄道␟弘南線,弘南鉄道,弘南線,private,ordinary_linear,13,16.7,,unverified
49,J09-2,jp,中小私鉄,弘南鉄道␟大鰐線,弘南鉄道,大鰐線,private,ordinary_linear,14,14.0,,unverified
49,J09-2,jp,中小私鉄,伊豆箱根鉄道␟駿豆線,伊豆箱根鉄道,駿豆線,private,ordinary_linear,13,19.9,,unverified
49,J09-2,jp,中小私鉄,伊豆箱根鉄道␟大雄山線,伊豆箱根鉄道,大雄山線,private,ordinary_linear,12,9.7,,unverified
50,J09-3,jp,中小私鉄,富士山麓電気鉄道␟大月線,富士山麓電気鉄道,大月線,private,ordinary_linear,16,23.6,,unverified
50,J09-3,jp,中小私鉄,富士山麓電気鉄道␟河口湖線,富士山麓電気鉄道,河口湖線,private,ordinary_linear,3,3.0,,unverified
50,J09-3,jp,中小私鉄,北陸鉄道␟石川線,北陸鉄道,石川線,private,ordinary_linear,17,13.8,,unverified
50,J09-3,jp,中小私鉄,北陸鉄道␟浅野川線,北陸鉄道,浅野川線,private,ordinary_linear,12,6.9,,unverified
50,J09-3,jp,中小私鉄,叡山電鉄␟鞍馬線,叡山電鉄,鞍馬線,private,ordinary_linear,10,9.0,,unverified
50,J09-3,jp,中小私鉄,叡山電鉄␟叡山本線,叡山電鉄,叡山本線,private,ordinary_linear,8,5.6,,unverified
50,J09-3,jp,中小私鉄,熊本電気鉄道␟菊池線,熊本電気鉄道,菊池線,private,ordinary_linear,16,10.6,,unverified
50,J09-3,jp,中小私鉄,熊本電気鉄道␟藤崎線,熊本電気鉄道,藤崎線,private,ordinary_linear,3,2.4,,unverified
50,J09-3,jp,中小私鉄,秩父鉄道␟秩父本線,秩父鉄道,秩父本線,private,ordinary_linear,37,71.9,,unverified
50,J09-3,jp,中小私鉄,養老鉄道␟養老線,養老鉄道,養老線,private,branched_terminal,27,56.9,,unverified
50,J09-3,jp,中小私鉄,伊豆急行␟伊豆急行線,伊豆急行,伊豆急行線,private,ordinary_linear,16,45.8,,unverified
50,J09-3,jp,中小私鉄,島原鉄道␟島原鉄道線,島原鉄道,島原鉄道線,private,ordinary_linear,24,43.5,,unverified
50,J09-3,jp,中小私鉄,小湊鐵道␟小湊鐵道線,小湊鐵道,小湊鐵道線,private,ordinary_linear,18,39.2,,unverified
51,J09-4,jp,中小私鉄,上信電鉄␟上信線,上信電鉄,上信線,private,ordinary_linear,21,33.7,,unverified
51,J09-4,jp,中小私鉄,長野電鉄␟長野線,長野電鉄,長野線,private,ordinary_linear,24,33.3,,unverified
51,J09-4,jp,中小私鉄,上毛電気鉄道␟上毛線,上毛電気鉄道,上毛線,private,ordinary_linear,23,25.3,,unverified
51,J09-4,jp,中小私鉄,福井鉄道␟福武線,福井鉄道,福武線,private,branched_terminal,25,21.5,,unverified
51,J09-4,jp,中小私鉄,津軽鉄道␟津軽鉄道線,津軽鉄道,津軽鉄道線,private,ordinary_linear,12,20.6,,unverified
51,J09-4,jp,中小私鉄,黒部峡谷鉄道␟本線,黒部峡谷鉄道,本線,private,ordinary_linear,10,19.4,,unverified
51,J09-4,jp,中小私鉄,豊橋鉄道␟渥美線,豊橋鉄道,渥美線,private,ordinary_linear,16,18.1,,unverified
51,J09-4,jp,中小私鉄,遠州鉄道␟鉄道線,遠州鉄道,鉄道線,private,ordinary_linear,18,18.0,,unverified
51,J09-4,jp,中小私鉄,筑豊電気鉄道␟筑豊電気鉄道線,筑豊電気鉄道,筑豊電気鉄道線,private,ordinary_linear,21,16.1,,unverified
51,J09-4,jp,中小私鉄,広島電鉄␟宮島線,広島電鉄,宮島線,private,ordinary_linear,22,16.1,,unverified
51,J09-4,jp,中小私鉄,小田急箱根␟鉄道線,小田急箱根,鉄道線,private,reversing_linear,11,14.9,,unverified
51,J09-4,jp,中小私鉄,アルピコ交通␟上高地線,アルピコ交通,上高地線,private,ordinary_linear,14,14.5,,unverified
51,J09-4,jp,中小私鉄,和歌山電鐵␟貴志川線,和歌山電鐵,貴志川線,private,ordinary_linear,14,14.4,,unverified
52,J09-5,jp,中小私鉄,JR東海交通事業␟城北線,JR東海交通事業,城北線,private,ordinary_linear,6,12.1,,unverified
52,J09-5,jp,中小私鉄,上田電鉄␟別所線,上田電鉄,別所線,private,ordinary_linear,15,11.8,,unverified
52,J09-5,jp,中小私鉄,静岡鉄道␟静岡清水線,静岡鉄道,静岡清水線,private,ordinary_linear,15,10.8,,unverified
52,J09-5,jp,中小私鉄,江ノ島電鉄␟江ノ島電鉄線,江ノ島電鉄,江ノ島電鉄線,private,ordinary_linear,15,9.9,,unverified
52,J09-5,jp,中小私鉄,福島交通␟飯坂線,福島交通,飯坂線,private,ordinary_linear,12,9.5,,unverified
52,J09-5,jp,中小私鉄,岳南電車␟岳南鉄道線,岳南電車,岳南鉄道線,private,ordinary_linear,10,9.3,,unverified
52,J09-5,jp,中小私鉄,嵯峨野観光鉄道␟嵯峨野観光線,嵯峨野観光鉄道,嵯峨野観光線,private,ordinary_linear,4,8.9,,unverified
52,J09-5,jp,中小私鉄,銚子電気鉄道␟銚子電気鉄道線,銚子電気鉄道,銚子電気鉄道線,private,ordinary_linear,10,6.6,,unverified
52,J09-5,jp,中小私鉄,流鉄␟流山線,流鉄,流山線,private,ordinary_linear,6,5.6,,unverified
52,J09-5,jp,中小私鉄,水間鉄道␟水間線,水間鉄道,水間線,private,ordinary_linear,10,5.6,,unverified
52,J09-5,jp,中小私鉄,紀州鉄道␟紀州鉄道線,紀州鉄道,紀州鉄道線,private,ordinary_linear,5,2.8,,unverified
53,J10-1,jp,第三セクター,平成筑豊鉄道␟田川線,平成筑豊鉄道,田川線,third_sector,ordinary_linear,17,26.5,,unverified
53,J10-1,jp,第三セクター,平成筑豊鉄道␟伊田線,平成筑豊鉄道,伊田線,third_sector,ordinary_linear,15,16.3,,unverified
53,J10-1,jp,第三セクター,平成筑豊鉄道␟糸田線,平成筑豊鉄道,糸田線,third_sector,ordinary_linear,6,7.1,,unverified
53,J10-1,jp,第三セクター,平成筑豊鉄道␟門司港レトロ観光線,平成筑豊鉄道,門司港レトロ観光線,third_sector,ordinary_linear,4,2.2,,unverified
53,J10-1,jp,第三セクター,三陸鉄道␟北リアス線,三陸鉄道,北リアス線,third_sector,ordinary_linear,18,71.3,,unverified
53,J10-1,jp,第三セクター,三陸鉄道␟リアス線,三陸鉄道,リアス線,third_sector,ordinary_linear,15,55.4,,unverified
53,J10-1,jp,第三セクター,三陸鉄道␟南リアス線,三陸鉄道,南リアス線,third_sector,ordinary_linear,10,36.6,,unverified
53,J10-1,jp,第三セクター,土佐くろしお鉄道␟中村線,土佐くろしお鉄道,中村線,third_sector,ordinary_linear,15,43.2,,unverified
53,J10-1,jp,第三セクター,土佐くろしお鉄道␟阿佐線,土佐くろしお鉄道,阿佐線,third_sector,ordinary_linear,21,42.7,,unverified
53,J10-1,jp,第三セクター,土佐くろしお鉄道␟宿毛線,土佐くろしお鉄道,宿毛線,third_sector,ordinary_linear,8,23.7,,unverified
53,J10-1,jp,第三セクター,WILLER　TRAINS␟宮津線,WILLER　TRAINS,宮津線,third_sector,ordinary_linear,19,84.1,,unverified
53,J10-1,jp,第三セクター,WILLER　TRAINS␟宮福線,WILLER　TRAINS,宮福線,third_sector,ordinary_linear,14,30.5,,unverified
53,J10-1,jp,第三セクター,しなの鉄道␟しなの鉄道線,しなの鉄道,しなの鉄道線,third_sector,ordinary_linear,19,65.3,,unverified
53,J10-1,jp,第三セクター,しなの鉄道␟北しなの線,しなの鉄道,北しなの線,third_sector,ordinary_linear,8,37.6,,unverified
54,J10-2,jp,第三セクター,えちごトキめき鉄道␟日本海ひすいライン,えちごトキめき鉄道,日本海ひすいライン,third_sector,ordinary_linear,13,63.8,,unverified
54,J10-2,jp,第三セクター,えちごトキめき鉄道␟妙高はねうまライン,えちごトキめき鉄道,妙高はねうまライン,third_sector,ordinary_linear,10,37.1,,unverified
54,J10-2,jp,第三セクター,えちぜん鉄道␟勝山永平寺線,えちぜん鉄道,勝山永平寺線,third_sector,ordinary_linear,23,27.7,,unverified
54,J10-2,jp,第三セクター,えちぜん鉄道␟三国芦原線,えちぜん鉄道,三国芦原線,third_sector,ordinary_linear,22,25.4,,unverified
54,J10-2,jp,第三セクター,四日市あすなろう鉄道␟内部線,四日市あすなろう鉄道,内部線,third_sector,ordinary_linear,8,5.9,,unverified
54,J10-2,jp,第三セクター,四日市あすなろう鉄道␟八王子線,四日市あすなろう鉄道,八王子線,third_sector,ordinary_linear,2,1.4,,unverified
54,J10-2,jp,第三セクター,青い森鉄道␟青い森鉄道線,青い森鉄道,青い森鉄道線,third_sector,ordinary_linear,27,132.9,,unverified
54,J10-2,jp,第三セクター,肥薩おれんじ鉄道␟肥薩おれんじ鉄道線,肥薩おれんじ鉄道,肥薩おれんじ鉄道線,third_sector,ordinary_linear,28,117.2,,unverified
54,J10-2,jp,第三セクター,あいの風とやま鉄道␟あいの風とやま鉄道線,あいの風とやま鉄道,あいの風とやま鉄道線,third_sector,ordinary_linear,23,104.8,,unverified
54,J10-2,jp,第三セクター,秋田内陸縦貫鉄道␟秋田内陸線,秋田内陸縦貫鉄道,秋田内陸線,third_sector,ordinary_linear,29,94.6,,unverified
54,J10-2,jp,第三セクター,松浦鉄道␟西九州線,松浦鉄道,西九州線,third_sector,branched_terminal,57,93.7,,pending
54,J10-2,jp,第三セクター,アイジーアールいわて銀河鉄道␟いわて銀河鉄道線,アイジーアールいわて銀河鉄道,いわて銀河鉄道線,third_sector,ordinary_linear,18,92.6,,unverified
54,J10-2,jp,第三セクター,ハピラインふくい␟ハピラインふくい線,ハピラインふくい,ハピラインふくい線,third_sector,ordinary_linear,19,85.8,,unverified
54,J10-2,jp,第三セクター,長良川鉄道␟越美南線,長良川鉄道,越美南線,third_sector,ordinary_linear,38,72.3,,unverified
54,J10-2,jp,第三セクター,天竜浜名湖鉄道␟天竜浜名湖線,天竜浜名湖鉄道,天竜浜名湖線,third_sector,ordinary_linear,39,68.1,,unverified
55,J10-3,jp,第三セクター,IRいしかわ鉄道␟IRいしかわ鉄道線,IRいしかわ鉄道,IRいしかわ鉄道線,third_sector,ordinary_linear,19,64.5,,unverified
55,J10-3,jp,第三セクター,北越急行␟ほくほく線,北越急行,ほくほく線,third_sector,ordinary_linear,12,59.5,,unverified
55,J10-3,jp,第三セクター,首都圏新都市鉄道␟常磐新線,首都圏新都市鉄道,常磐新線,third_sector,branched_terminal,20,58.6,,unverified
55,J10-3,jp,第三セクター,会津鉄道␟会津線,会津鉄道,会津線,third_sector,ordinary_linear,21,57.5,,unverified
55,J10-3,jp,第三セクター,智頭急行␟智頭線,智頭急行,智頭線,third_sector,ordinary_linear,14,56.5,,unverified
55,J10-3,jp,第三セクター,阿武隈急行␟阿武隈急行線,阿武隈急行,阿武隈急行線,third_sector,ordinary_linear,24,56.2,,unverified
55,J10-3,jp,第三セクター,鹿島臨海鉄道␟大洗鹿島線,鹿島臨海鉄道,大洗鹿島線,third_sector,ordinary_linear,15,53.1,,unverified
55,J10-3,jp,第三セクター,愛知環状鉄道␟愛知環状鉄道線,愛知環状鉄道,愛知環状鉄道線,third_sector,ordinary_linear,23,45.7,,unverified
55,J10-3,jp,第三セクター,わたらせ渓谷鐵道␟わたらせ渓谷線,わたらせ渓谷鐵道,わたらせ渓谷線,third_sector,ordinary_linear,17,44.3,,unverified
55,J10-3,jp,第三セクター,真岡鐵道␟真岡線,真岡鐵道,真岡線,third_sector,ordinary_linear,17,42.2,,unverified
55,J10-3,jp,第三セクター,井原鉄道␟井原線,井原鉄道,井原線,third_sector,ordinary_linear,15,42.0,,unverified
55,J10-3,jp,第三セクター,道南いさりび鉄道␟道南いさりび鉄道線,道南いさりび鉄道,道南いさりび鉄道線,third_sector,ordinary_linear,12,38.8,,unverified
55,J10-3,jp,第三セクター,樽見鉄道␟樽見線,樽見鉄道,樽見線,third_sector,ordinary_linear,19,35.2,,unverified
55,J10-3,jp,第三セクター,のと鉄道␟七尾線,のと鉄道,七尾線,third_sector,ordinary_linear,8,33.3,,unverified
55,J10-3,jp,第三セクター,北総鉄道␟北総線,北総鉄道,北総線,third_sector,ordinary_linear,15,32.9,,unverified
56,J10-4,jp,第三セクター,錦川鉄道␟錦川清流線,錦川鉄道,錦川清流線,third_sector,ordinary_linear,13,32.8,,unverified
56,J10-4,jp,第三セクター,野岩鉄道␟会津鬼怒川線,野岩鉄道,会津鬼怒川線,third_sector,ordinary_linear,9,30.9,,unverified
56,J10-4,jp,第三セクター,山形鉄道␟フラワー長井線,山形鉄道,フラワー長井線,third_sector,ordinary_linear,17,30.7,,unverified
56,J10-4,jp,第三セクター,いすみ鉄道␟いすみ線,いすみ鉄道,いすみ線,third_sector,ordinary_linear,14,27.0,,unverified
56,J10-4,jp,第三セクター,明知鉄道␟明知線,明知鉄道,明知線,third_sector,ordinary_linear,11,25.3,,unverified
56,J10-4,jp,第三セクター,くま川鉄道␟湯前線,くま川鉄道,湯前線,third_sector,ordinary_linear,14,24.9,,unverified
56,J10-4,jp,第三セクター,由利高原鉄道␟鳥海山ろく線,由利高原鉄道,鳥海山ろく線,third_sector,ordinary_linear,12,23.2,,unverified
56,J10-4,jp,第三セクター,伊勢鉄道␟伊勢線,伊勢鉄道,伊勢線,third_sector,ordinary_linear,10,22.6,,unverified
56,J10-4,jp,第三セクター,若桜鉄道␟若桜線,若桜鉄道,若桜線,third_sector,ordinary_linear,9,19.3,,unverified
56,J10-4,jp,第三セクター,南阿蘇鉄道␟高森線,南阿蘇鉄道,高森線,third_sector,ordinary_linear,10,17.9,,unverified
56,J10-4,jp,第三セクター,伊賀鉄道␟伊賀線,伊賀鉄道,伊賀線,third_sector,ordinary_linear,15,16.6,,unverified
56,J10-4,jp,第三セクター,東葉高速鉄道␟東葉高速線,東葉高速鉄道,東葉高速線,third_sector,ordinary_linear,9,16.5,,unverified
56,J10-4,jp,第三セクター,名古屋臨海高速鉄道␟西名古屋港線,名古屋臨海高速鉄道,西名古屋港線,third_sector,ordinary_linear,11,15.3,,unverified
56,J10-4,jp,第三セクター,信楽高原鐵道␟信楽線,信楽高原鐵道,信楽線,third_sector,ordinary_linear,6,14.9,,unverified
56,J10-4,jp,第三セクター,埼玉高速鉄道␟埼玉高速鉄道線,埼玉高速鉄道,埼玉高速鉄道線,third_sector,ordinary_linear,8,14.9,,unverified
57,J10-5,jp,第三セクター,南海電気鉄道␟泉北線,南海電気鉄道,泉北線,third_sector,ordinary_linear,6,14.5,,unverified
57,J10-5,jp,第三セクター,ひたちなか海浜鉄道␟湊線,ひたちなか海浜鉄道,湊線,third_sector,ordinary_linear,11,14.2,,unverified
57,J10-5,jp,第三セクター,甘木鉄道␟甘木線,甘木鉄道,甘木線,third_sector,ordinary_linear,11,13.9,,unverified
57,J10-5,jp,第三セクター,北条鉄道␟北条線,北条鉄道,北条線,third_sector,ordinary_linear,8,13.7,,unverified
57,J10-5,jp,第三セクター,東京臨海高速鉄道␟臨海副都心線,東京臨海高速鉄道,臨海副都心線,third_sector,ordinary_linear,8,12.5,,unverified
57,J10-5,jp,第三セクター,水島臨海鉄道␟水島本線,水島臨海鉄道,水島本線,third_sector,ordinary_linear,10,10.3,,unverified
57,J10-5,jp,第三セクター,阿佐海岸鉄道␟阿佐東線,阿佐海岸鉄道,阿佐東線,third_sector,ordinary_linear,4,10.1,,unverified
57,J10-5,jp,第三セクター,北大阪急行電鉄␟南北線,北大阪急行電鉄,南北線,third_sector,ordinary_linear,6,8.6,,unverified
57,J10-5,jp,第三セクター,仙台空港鉄道␟仙台空港線,仙台空港鉄道,仙台空港線,third_sector,ordinary_linear,4,7.2,,unverified
57,J10-5,jp,第三セクター,万葉線␟新湊港線,万葉線,新湊港線,third_sector,ordinary_linear,8,5.0,,unverified
57,J10-5,jp,第三セクター,横浜高速鉄道␟みなとみらい21線,横浜高速鉄道,みなとみらい21線,third_sector,ordinary_linear,6,4.4,,unverified
57,J10-5,jp,第三セクター,芝山鉄道␟芝山鉄道線,芝山鉄道,芝山鉄道線,third_sector,ordinary_linear,2,2.3,,unverified
58,J11-1,jp,路面電車,広島電鉄␟宇品線,広島電鉄,宇品線,tram,branch_rejoins,20,6.3,,pending
58,J11-1,jp,路面電車,広島電鉄␟本線,広島電鉄,本線,tram,branched_terminal,21,5.6,,unverified
58,J11-1,jp,路面電車,広島電鉄␟皆実線,広島電鉄,皆実線,tram,ordinary_linear,8,3.0,,unverified
58,J11-1,jp,路面電車,広島電鉄␟江波線,広島電鉄,江波線,tram,ordinary_linear,7,2.7,,unverified
58,J11-1,jp,路面電車,広島電鉄␟横川線,広島電鉄,横川線,tram,ordinary_linear,5,1.5,,unverified
58,J11-1,jp,路面電車,広島電鉄␟白島線,広島電鉄,白島線,tram,ordinary_linear,6,1.3,,unverified
58,J11-1,jp,路面電車,広島電鉄␟循環線,広島電鉄,循環線,tram,ordinary_linear,0,0.0,,pending
58,J11-1,jp,路面電車,熊本市␟幹線,熊本市,幹線,tram,ordinary_linear,10,3.3,,unverified
58,J11-1,jp,路面電車,熊本市␟健軍線,熊本市,健軍線,tram,ordinary_linear,9,3.1,,unverified
58,J11-1,jp,路面電車,熊本市␟上熊本線,熊本市,上熊本線,tram,ordinary_linear,10,3.0,,unverified
58,J11-1,jp,路面電車,熊本市␟水前寺線,熊本市,水前寺線,tram,ordinary_linear,7,2.4,,unverified
58,J11-1,jp,路面電車,熊本市␟田崎線,熊本市,田崎線,tram,ordinary_linear,3,0.7,,unverified
59,J11-2,jp,路面電車,長崎電気軌道␟本線,長崎電気軌道,本線,tram,branched_terminal,25,7.0,,unverified
59,J11-2,jp,路面電車,長崎電気軌道␟蛍茶屋支線,長崎電気軌道,蛍茶屋支線,tram,branch_rejoins,8,2.3,,unverified
59,J11-2,jp,路面電車,長崎電気軌道␟大浦支線,長崎電気軌道,大浦支線,tram,ordinary_linear,5,1.2,,unverified
59,J11-2,jp,路面電車,長崎電気軌道␟桜町支線,長崎電気軌道,桜町支線,tram,ordinary_linear,3,1.0,,unverified
59,J11-2,jp,路面電車,長崎電気軌道␟赤迫支線,長崎電気軌道,赤迫支線,tram,ordinary_linear,2,0.4,,unverified
59,J11-2,jp,路面電車,伊予鉄道␟城南線,伊予鉄道,城南線,tram,branched_terminal,12,3.7,,pending
59,J11-2,jp,路面電車,伊予鉄道␟本町線,伊予鉄道,本町線,tram,ordinary_linear,5,1.4,,unverified
59,J11-2,jp,路面電車,伊予鉄道␟大手町線,伊予鉄道,大手町線,tram,ordinary_linear,5,1.4,,unverified
59,J11-2,jp,路面電車,伊予鉄道␟花園線,伊予鉄道,花園線,tram,ordinary_linear,2,0.5,,unverified
59,J11-2,jp,路面電車,伊予鉄道␟連絡線,伊予鉄道,連絡線,tram,ordinary_linear,2,0.2,,unverified
59,J11-2,jp,路面電車,富山地方鉄道␟呉羽線,富山地方鉄道,呉羽線,tram,ordinary_linear,3,1.5,,unverified
59,J11-2,jp,路面電車,富山地方鉄道␟支線,富山地方鉄道,支線,tram,ordinary_linear,4,1.1,,unverified
59,J11-2,jp,路面電車,富山地方鉄道␟富山都心線,富山地方鉄道,富山都心線,tram,ordinary_linear,5,1.0,,unverified
59,J11-2,jp,路面電車,富山地方鉄道␟安野屋線,富山地方鉄道,安野屋線,tram,ordinary_linear,3,0.5,,unverified
59,J11-2,jp,路面電車,富山地方鉄道␟富山駅南北接続線,富山地方鉄道,富山駅南北接続線,tram,branched_terminal,1,0.3,,pending
60,J11-3,jp,路面電車,とさでん交通␟伊野線,とさでん交通,伊野線,tram,ordinary_linear,34,11.2,,unverified
60,J11-3,jp,路面電車,とさでん交通␟後免線,とさでん交通,後免線,tram,ordinary_linear,33,10.9,,unverified
60,J11-3,jp,路面電車,とさでん交通␟桟橋線,とさでん交通,桟橋線,tram,ordinary_linear,8,2.4,,unverified
60,J11-3,jp,路面電車,とさでん交通␟駅前線,とさでん交通,駅前線,tram,ordinary_linear,4,0.9,,unverified
60,J11-3,jp,路面電車,鹿児島市␟谷山線,鹿児島市,谷山線,tram,branched_terminal,14,6.4,,unverified
60,J11-3,jp,路面電車,鹿児島市␟第一期線,鹿児島市,第一期線,tram,ordinary_linear,11,3.3,,unverified
60,J11-3,jp,路面電車,鹿児島市␟唐湊線,鹿児島市,唐湊線,tram,ordinary_linear,10,2.8,,unverified
60,J11-3,jp,路面電車,鹿児島市␟第二期線,鹿児島市,第二期線,tram,ordinary_linear,4,0.8,,unverified
60,J11-3,jp,路面電車,函館市␟湯の川線,函館市,湯の川線,tram,ordinary_linear,16,6.1,,unverified
60,J11-3,jp,路面電車,函館市␟本線,函館市,本線,tram,ordinary_linear,7,2.8,,unverified
60,J11-3,jp,路面電車,函館市␟宝来・谷地頭線,函館市,宝来・谷地頭線,tram,ordinary_linear,4,1.4,,unverified
60,J11-3,jp,路面電車,函館市␟大森線,函館市,大森線,tram,ordinary_linear,2,0.6,,unverified
61,J11-4,jp,路面電車,一般社団法人札幌市交通事業振興公社␟山鼻線,一般社団法人札幌市交通事業振興公社,山鼻線,tram,ordinary_linear,12,4.0,,unverified
61,J11-4,jp,路面電車,一般社団法人札幌市交通事業振興公社␟山鼻西線,一般社団法人札幌市交通事業振興公社,山鼻西線,tram,ordinary_linear,9,3.1,,unverified
61,J11-4,jp,路面電車,一般社団法人札幌市交通事業振興公社␟1条線,一般社団法人札幌市交通事業振興公社,1条線,tram,ordinary_linear,4,1.5,,unverified
61,J11-4,jp,路面電車,一般社団法人札幌市交通事業振興公社␟都心線,一般社団法人札幌市交通事業振興公社,都心線,tram,ordinary_linear,4,0.9,,unverified
61,J11-4,jp,路面電車,京阪電気鉄道␟石山坂本線,京阪電気鉄道,石山坂本線,tram,ordinary_linear,21,14.3,,unverified
61,J11-4,jp,路面電車,京阪電気鉄道␟京津線,京阪電気鉄道,京津線,tram,ordinary_linear,7,7.6,,unverified
61,J11-4,jp,路面電車,阪堺電気軌道␟阪堺線,阪堺電気軌道,阪堺線,tram,ordinary_linear,32,14.1,,unverified
61,J11-4,jp,路面電車,阪堺電気軌道␟上町線,阪堺電気軌道,上町線,tram,ordinary_linear,10,4.4,,unverified
61,J11-4,jp,路面電車,京福電気鉄道␟嵐山本線,京福電気鉄道,嵐山本線,tram,ordinary_linear,13,7.2,,unverified
61,J11-4,jp,路面電車,京福電気鉄道␟北野線,京福電気鉄道,北野線,tram,ordinary_linear,10,3.8,,unverified
61,J11-4,jp,路面電車,岡山電気軌道␟東山本線,岡山電気軌道,東山本線,tram,ordinary_linear,10,3.1,,unverified
61,J11-4,jp,路面電車,岡山電気軌道␟清輝橋線,岡山電気軌道,清輝橋線,tram,ordinary_linear,7,1.7,,unverified
61,J11-4,jp,路面電車,宇都宮ライトレール␟宇都宮芳賀ライトレール線,宇都宮ライトレール,宇都宮芳賀ライトレール線,tram,ordinary_linear,19,14.6,,unverified
61,J11-4,jp,路面電車,東京都␟荒川線,東京都,荒川線,tram,ordinary_linear,30,12.2,,unverified
61,J11-4,jp,路面電車,万葉線␟高岡軌道線,万葉線,高岡軌道線,tram,ordinary_linear,18,8.0,,unverified
62,J11-5,jp,路面電車,名古屋鉄道␟豊川線,名古屋鉄道,豊川線,tram,ordinary_linear,5,7.1,,unverified
62,J11-5,jp,路面電車,豊橋鉄道␟東田本線,豊橋鉄道,東田本線,tram,branched_terminal,14,5.5,,unverified
62,J11-5,jp,路面電車,東急電鉄␟世田谷線,東急電鉄,世田谷線,tram,ordinary_linear,10,5.0,,unverified
63,J12-1,jp,モノレール・AGT・ケーブル・リニア,大阪モノレール␟大阪モノレール線,大阪モノレール,大阪モノレール線,monorail,ordinary_linear,14,21.3,,unverified
63,J12-1,jp,モノレール・AGT・ケーブル・リニア,大阪モノレール␟国際文化公園都市モノレール線(彩都線),大阪モノレール,国際文化公園都市モノレール線(彩都線),monorail,ordinary_linear,5,6.9,,unverified
63,J12-1,jp,モノレール・AGT・ケーブル・リニア,神戸新交通␟ポートアイランド線,神戸新交通,ポートアイランド線,agt,loop_with_tail,12,10.6,,pending
63,J12-1,jp,モノレール・AGT・ケーブル・リニア,神戸新交通␟六甲アイランド線,神戸新交通,六甲アイランド線,agt,ordinary_linear,6,5.8,,unverified
63,J12-1,jp,モノレール・AGT・ケーブル・リニア,千葉都市モノレール␟2号線,千葉都市モノレール,2号線,monorail,ordinary_linear,13,12.1,,unverified
63,J12-1,jp,モノレール・AGT・ケーブル・リニア,千葉都市モノレール␟1号線,千葉都市モノレール,1号線,monorail,ordinary_linear,6,3.2,,unverified
63,J12-1,jp,モノレール・AGT・ケーブル・リニア,近畿日本鉄道␟生駒鋼索線,近畿日本鉄道,生駒鋼索線,funicular,ordinary_linear,5,2.1,,unverified
63,J12-1,jp,モノレール・AGT・ケーブル・リニア,近畿日本鉄道␟西信貴鋼索線,近畿日本鉄道,西信貴鋼索線,funicular,ordinary_linear,2,1.4,,unverified
63,J12-1,jp,モノレール・AGT・ケーブル・リニア,広島高速交通␟広島新交通1号線,広島高速交通,広島新交通1号線,agt,ordinary_linear,22,18.4,,unverified
63,J12-1,jp,モノレール・AGT・ケーブル・リニア,東京モノレール␟東京モノレール羽田空港線,東京モノレール,東京モノレール羽田空港線,monorail,ordinary_linear,11,18.1,,unverified
63,J12-1,jp,モノレール・AGT・ケーブル・リニア,沖縄都市モノレール␟沖縄都市モノレール線,沖縄都市モノレール,沖縄都市モノレール線,monorail,ordinary_linear,19,17.1,,unverified
63,J12-1,jp,モノレール・AGT・ケーブル・リニア,多摩都市モノレール␟多摩都市モノレール線,多摩都市モノレール,多摩都市モノレール線,monorail,ordinary_linear,19,16.1,,unverified
63,J12-1,jp,モノレール・AGT・ケーブル・リニア,ゆりかもめ␟東京臨海新交通臨海線,ゆりかもめ,東京臨海新交通臨海線,agt,ordinary_linear,16,14.9,,unverified
63,J12-1,jp,モノレール・AGT・ケーブル・リニア,埼玉新都市交通␟伊奈線,埼玉新都市交通,伊奈線,agt,ordinary_linear,13,12.8,,unverified
63,J12-1,jp,モノレール・AGT・ケーブル・リニア,横浜シーサイドライン␟金沢シーサイドライン,横浜シーサイドライン,金沢シーサイドライン,agt,ordinary_linear,14,10.9,,unverified
64,J12-2,jp,モノレール・AGT・ケーブル・リニア,東京都␟日暮里・舎人ライナー,東京都,日暮里・舎人ライナー,agt,ordinary_linear,13,9.8,,unverified
64,J12-2,jp,モノレール・AGT・ケーブル・リニア,愛知高速交通␟東部丘陵線,愛知高速交通,東部丘陵線,maglev,ordinary_linear,9,9.0,,unverified
64,J12-2,jp,モノレール・AGT・ケーブル・リニア,北九州高速鉄道␟小倉線,北九州高速鉄道,小倉線,monorail,ordinary_linear,13,8.9,,unverified
64,J12-2,jp,モノレール・AGT・ケーブル・リニア,大阪市高速電気軌道␟南港ポートタウン線,大阪市高速電気軌道,南港ポートタウン線,agt,ordinary_linear,10,8.1,,unverified
64,J12-2,jp,モノレール・AGT・ケーブル・リニア,湘南モノレール␟江の島線,湘南モノレール,江の島線,monorail,ordinary_linear,8,6.7,,unverified
64,J12-2,jp,モノレール・AGT・ケーブル・リニア,名古屋ガイドウェイバス␟ガイドウェイバス志段味線,名古屋ガイドウェイバス,ガイドウェイバス志段味線,agt,ordinary_linear,9,6.6,,unverified
64,J12-2,jp,モノレール・AGT・ケーブル・リニア,舞浜リゾートライン␟ディズニーリゾートライン,舞浜リゾートライン,ディズニーリゾートライン,monorail,loop,4,5.0,,unverified
64,J12-2,jp,モノレール・AGT・ケーブル・リニア,山万␟ユーカリが丘線,山万,ユーカリが丘線,agt,loop_with_tail,6,4.1,,unverified
64,J12-2,jp,モノレール・AGT・ケーブル・リニア,西武鉄道␟山口線,西武鉄道,山口線,agt,ordinary_linear,3,3.0,,unverified
64,J12-2,jp,モノレール・AGT・ケーブル・リニア,立山黒部貫光␟鋼索線,立山黒部貫光,鋼索線,funicular,disconnected,4,2.0,,unverified
64,J12-2,jp,モノレール・AGT・ケーブル・リニア,比叡山鉄道␟比叡山鉄道線,比叡山鉄道,比叡山鉄道線,funicular,ordinary_linear,4,2.0,,unverified
64,J12-2,jp,モノレール・AGT・ケーブル・リニア,神戸六甲鉄道␟六甲ケーブル線,神戸六甲鉄道,六甲ケーブル線,funicular,ordinary_linear,2,1.7,,unverified
64,J12-2,jp,モノレール・AGT・ケーブル・リニア,筑波観光鉄道␟筑波山鋼索鉄道線,筑波観光鉄道,筑波山鋼索鉄道線,funicular,ordinary_linear,2,1.6,,unverified
64,J12-2,jp,モノレール・AGT・ケーブル・リニア,京福電気鉄道␟鋼索線,京福電気鉄道,鋼索線,funicular,ordinary_linear,2,1.3,,unverified
64,J12-2,jp,モノレール・AGT・ケーブル・リニア,小田急箱根␟鋼索線,小田急箱根,鋼索線,funicular,ordinary_linear,6,1.3,,unverified
65,J12-3,jp,モノレール・AGT・ケーブル・リニア,皿倉登山鉄道␟帆柱ケーブル線,皿倉登山鉄道,帆柱ケーブル線,funicular,ordinary_linear,2,1.2,,unverified
65,J12-3,jp,モノレール・AGT・ケーブル・リニア,御岳登山鉄道␟ケーブルカー,御岳登山鉄道,ケーブルカー,funicular,ordinary_linear,2,1.1,,unverified
65,J12-3,jp,モノレール・AGT・ケーブル・リニア,高尾登山電鉄␟高尾鋼索線,高尾登山電鉄,高尾鋼索線,funicular,ordinary_linear,2,1.0,,unverified
65,J12-3,jp,モノレール・AGT・ケーブル・リニア,こうべ未来都市機構␟摩耶ケーブル線,こうべ未来都市機構,摩耶ケーブル線,funicular,ordinary_linear,2,0.9,,unverified
65,J12-3,jp,モノレール・AGT・ケーブル・リニア,南海電気鉄道␟鋼索線,南海電気鉄道,鋼索線,funicular,ordinary_linear,2,0.8,,unverified
65,J12-3,jp,モノレール・AGT・ケーブル・リニア,大山観光電鉄␟大山鋼索線,大山観光電鉄,大山鋼索線,funicular,ordinary_linear,3,0.8,,unverified
65,J12-3,jp,モノレール・AGT・ケーブル・リニア,四国ケーブル␟八栗ケーブル,四国ケーブル,八栗ケーブル,funicular,ordinary_linear,2,0.7,,unverified
65,J12-3,jp,モノレール・AGT・ケーブル・リニア,京阪電気鉄道␟鋼索線,京阪電気鉄道,鋼索線,funicular,ordinary_linear,2,0.5,,unverified
65,J12-3,jp,モノレール・AGT・ケーブル・リニア,丹後海陸交通␟天橋立鋼索鉄道,丹後海陸交通,天橋立鋼索鉄道,funicular,ordinary_linear,2,0.4,,unverified
65,J12-3,jp,モノレール・AGT・ケーブル・リニア,十国峠␟十国鋼索線,十国峠,十国鋼索線,funicular,ordinary_linear,2,0.4,,unverified
65,J12-3,jp,モノレール・AGT・ケーブル・リニア,一般財団法人青函トンネル記念館␟青函トンネル竜飛斜坑線,一般財団法人青函トンネル記念館,青函トンネル竜飛斜坑線,funicular,ordinary_linear,2,0.3,,unverified
65,J12-3,jp,モノレール・AGT・ケーブル・リニア,ラクテンチ␟別府ラクテンチケーブル線,ラクテンチ,別府ラクテンチケーブル線,funicular,ordinary_linear,2,0.3,,unverified
65,J12-3,jp,モノレール・AGT・ケーブル・リニア,鞍馬寺␟鞍馬山鋼索鉄道,鞍馬寺,鞍馬山鋼索鉄道,funicular,ordinary_linear,2,0.2,,unverified
